Date,weights,weights,weights
2019-01-02 00:00:00,0.018884410229089488,0.020193040982429356,0.020193040982429356
2019-01-03 00:00:00,0.01134652164304617,0.014282103358238096,0.014282103358238096
2019-01-04 00:00:00,0.05234480200951119,0.055399733235702575,0.055399733235702575
2019-01-07 00:00:00,0.07008130260940204,0.0748337689482319,0.0748337689482319
2019-01-08 00:00:00,0.07712217801336929,0.07996309126879986,0.07996309126879986
2019-01-09 00:00:00,0.1028848826493074,0.10443910463892814,0.10443910463892814
2019-01-10 00:00:00,0.11233755379005483,0.11280015405086696,0.11280015405086696
2019-01-11 00:00:00,0.10712608500588905,0.10926353643001852,0.10926353643001852
2019-01-14 00:00:00,0.10338147814462273,0.10475280719173097,0.10475280719173097
2019-01-15 00:00:00,0.09271402075500212,0.09463299538579895,0.09463299538579895
2019-01-16 00:00:00,0.11514161747018714,0.11650819326410944,0.11650819326410944
2019-01-17 00:00:00,0.11997769803183522,0.1215832638394474,0.1215832638394474
2019-01-18 00:00:00,0.13699374149823962,0.13892857087452337,0.13892857087452337
2019-01-21 00:00:00,0.13890741115078598,0.14452489150490022,0.14452489150490022
2019-01-22 00:00:00,0.1099985120588236,0.11267611008758993,0.11267611008758993
2019-01-23 00:00:00,0.1232982790517485,0.1273804948884838,0.1273804948884838
2019-01-24 00:00:00,0.1319407728660078,0.13651032461756185,0.13651032461756185
2019-01-25 00:00:00,0.12256674095662756,0.12585192130309375,0.12585192130309375
2019-01-28 00:00:00,0.11691272476175874,0.12098760417222687,0.12098760417222687
2019-01-29 00:00:00,0.13967936655458435,0.14624284718649672,0.14624284718649672
2019-01-30 00:00:00,0.15305064715215355,0.16028130852544775,0.16028130852544775
2019-01-31 00:00:00,0.156628048961736,0.16530386914593564,0.16530386914593564
2019-02-01 00:00:00,0.16998003754909763,0.17951353951895532,0.18107015095294599
2019-02-04 00:00:00,0.17162098687960992,0.18220957085327583,0.18599825986700713
2019-02-05 00:00:00,0.17854971288435184,0.18924549208256924,0.1942328487871261
2019-02-06 00:00:00,0.1593355394526612,0.17025740796940414,0.17442204296391672
2019-02-07 00:00:00,0.13988123421930876,0.14962047880032436,0.15299516789295597
2019-02-08 00:00:00,0.15836729547195705,0.17044183335783125,0.17517487050091973
2019-02-11 00:00:00,0.169618573933217,0.1813400703278576,0.18783294174424503
2019-02-12 00:00:00,0.1814169211256742,0.19475829997245175,0.20040348019806875
2019-02-13 00:00:00,0.1612921311415254,0.1747111619910835,0.1800520461303663
2019-02-14 00:00:00,0.16776670327824017,0.18117570176350006,0.18632847467408142
2019-02-15 00:00:00,0.17606789257994437,0.1888492301119249,0.18749802622167078
2019-02-18 00:00:00,0.18275629081727152,0.19357230109430867,0.1853309209127152
2019-02-19 00:00:00,0.14520156513701887,0.15503303123546552,0.14808471921196475
2019-02-20 00:00:00,0.1427343228661826,0.15457796222330322,0.14601973830090853
2019-02-21 00:00:00,0.1288959291545957,0.13782372548736066,0.13078416653651526
2019-02-22 00:00:00,0.15521514278601534,0.16558510986637054,0.15906252355943518
2019-02-25 00:00:00,0.1492281461150351,0.15822676740084152,0.15163289688784665
2019-02-26 00:00:00,0.1368515863341493,0.14663652796742577,0.14072184984963387
2019-02-27 00:00:00,0.11830094217152731,0.12700080213293163,0.12332539251832841
2019-02-28 00:00:00,0.10394321222996084,0.11131531864607802,0.10853165524051378
2019-03-01 00:00:00,0.0905410775677864,0.09591843240140308,0.0935095989025061
2019-03-04 00:00:00,0.0905410775677864,0.09591843240140308,0.0935095989025061
2019-03-05 00:00:00,0.0905410775677864,0.09591843240140308,0.0935095989025061
2019-03-06 00:00:00,0.05669174660715415,0.05595476902270202,0.05843675581431018
2019-03-07 00:00:00,0.08035756752968193,0.08407927105588664,0.08834382175075373
2019-03-08 00:00:00,0.08139848659244842,0.0819272276519456,0.08666310686954626
2019-03-11 00:00:00,0.09926415992937043,0.102740147495064,0.10305090676642004
2019-03-12 00:00:00,0.10133025665504602,0.10373799661146932,0.10172747766348933
2019-03-13 00:00:00,0.10728003668426833,0.11038336501541468,0.10536583116298215
2019-03-14 00:00:00,0.09667104014311367,0.09844464524336449,0.09135930655191715
2019-03-15 00:00:00,0.11176407656622178,0.11394575064856527,0.10644836401983615
2019-03-18 00:00:00,0.12999673131675227,0.13451928476118646,0.1263589373558398
2019-03-19 00:00:00,0.11696644256999589,0.11867726340436091,0.10885727666497069
2019-03-20 00:00:00,0.11768350031723918,0.12151613317907195,0.1122501693121285
2019-03-21 00:00:00,0.09599094666358376,0.10167349323351016,0.09195067267390367
2019-03-22 00:00:00,0.0630945135733707,0.0665184328685764,0.05787294693767486
2019-03-25 00:00:00,0.0695211183565223,0.07125434133675035,0.06210110916546552
2019-03-26 00:00:00,0.052932694042375106,0.054161389881122846,0.0416514817781275
2019-03-27 00:00:00,0.04414242971514515,0.04489777456311028,0.02869595673297387
2019-03-28 00:00:00,0.06812157436223765,0.06690194614158584,0.05181422962241289
2019-03-29 00:00:00,0.08436651288033059,0.08416934989020253,0.06720677809258468
2019-04-01 00:00:00,0.06518895821958925,0.06468832510976719,0.04687429997787951
2019-04-02 00:00:00,0.06518895821958925,0.06468832510976719,0.04687429997787951
2019-04-03 00:00:00,0.0269306360519459,0.027584775444464027,0.005842615154081798
2019-04-04 00:00:00,0.030064173184942478,0.032565870589743584,0.0105212548706064
2019-04-05 00:00:00,0.0434572431799789,0.04643550326433954,0.02258660022395076
2019-04-08 00:00:00,0.04774488632925378,0.052239018698340356,0.028703396776935453
2019-04-09 00:00:00,0.0038307222492541815,0.006036549732747476,-0.018760479839840305
2019-04-10 00:00:00,0.016290806092633003,0.019401730354316804,-0.006074145961075361
2019-04-11 00:00:00,-0.0038079420508709827,-0.0005441748689924975,-0.02463948973707697
2019-04-12 00:00:00,-0.015721460406873944,-0.011818106079315105,-0.03580567586558703
2019-04-15 00:00:00,-0.007799276460732862,-0.004446258055107566,-0.02687787979094325
2019-04-16 00:00:00,0.011765481833762692,0.013934986561530582,-0.009996282090792286
2019-04-17 00:00:00,-0.00886988782715148,-0.002924783163118394,-0.0303557657499266
2019-04-18 00:00:00,-0.00886988782715148,-0.002924783163118394,-0.0303557657499266
2019-04-22 00:00:00,-0.038084780724678025,-0.031038515085711538,-0.05741601158729681
2019-04-23 00:00:00,-0.034734434017418825,-0.026432244771034785,-0.052013978982582754
2019-04-24 00:00:00,-0.0736485354620029,-0.06473260713655882,-0.08964707084987034
2019-04-25 00:00:00,-0.0716391751721478,-0.06144741808307208,-0.08509466593911119
2019-04-26 00:00:00,-0.04862389538552103,-0.04221398569451129,-0.06642281551675833
2019-04-29 00:00:00,-0.07912108980209887,-0.07411650611916232,-0.09794007553793249
2019-04-30 00:00:00,-0.05630582974963938,-0.05049220473215499,-0.07604792609833821
2019-05-01 00:00:00,-0.05630582974963938,-0.05049220473215499,-0.07604792609833821
2019-05-02 00:00:00,-0.028515866445819826,-0.02089521243826653,-0.048440384406198134
2019-05-03 00:00:00,0.009776241978461941,0.0211579839605347,-0.011208210879412595
2019-05-06 00:00:00,0.03454807694725126,0.04576572865750883,0.013006585121671632
2019-05-07 00:00:00,0.023759012380839994,0.035142908845533505,0.005898491510429871
2019-05-08 00:00:00,0.05419211540264479,0.06556597599722047,0.03547815530225873
2019-05-09 00:00:00,0.061137267064870215,0.07338457719170188,0.04261412730304426
2019-05-10 00:00:00,0.04501271721471389,0.05739790686612123,0.02449916738562874
2019-05-13 00:00:00,0.020377147665053386,0.03311542455715033,-0.001540851505007823
2019-05-14 00:00:00,0.011202424267170219,0.02592631038255999,-0.00767412425045666
2019-05-15 00:00:00,0.026952623317480162,0.043218046402583976,0.009941041751022173
2019-05-16 00:00:00,0.036871226538151,0.05571843243160468,0.020841871844990534
2019-05-17 00:00:00,0.024983224236206025,0.04393933095677838,0.008473471667899801
2019-05-20 00:00:00,0.02448576480736442,0.04385498727908854,0.007510467500100315
2019-05-21 00:00:00,0.047646227626629845,0.06907801220347776,0.03036391469130706
2019-05-22 00:00:00,0.04465952254415573,0.06706667063040506,0.028317175706350728
2019-05-23 00:00:00,0.03858669094711842,0.06057597515350244,0.022864005513812735
2019-05-24 00:00:00,0.06054496795477271,0.0807585345597912,0.04429868470037679
2019-05-27 00:00:00,0.06929616355874324,0.09067996184876526,0.05252270523048508
2019-05-28 00:00:00,0.05055576085858737,0.07186568274781724,0.03529527840456481
2019-05-29 00:00:00,0.039085591531738295,0.058538167892567605,0.020399739567500408
2019-05-30 00:00:00,0.04414832722880768,0.06281267653883171,0.024989968275506813
2019-05-31 00:00:00,0.03618981440933933,0.0531006501046376,0.018209671687266615
2019-06-03 00:00:00,0.029740212883466066,0.04754917576003659,0.012096285516670413
2019-06-04 00:00:00,0.048906040355038094,0.06862866385620192,0.03285458131899155
2019-06-05 00:00:00,0.057627792031899716,0.07829078870027506,0.04373645824255412
2019-06-06 00:00:00,0.0679380939101264,0.08949172860532983,0.05174505749252756
2019-06-07 00:00:00,0.06306731048907643,0.0858806108326231,0.04752219191447704
2019-06-10 00:00:00,0.08020396849329758,0.10540611943594613,0.063907958222718
2019-06-11 00:00:00,0.1285047363784413,0.15594706838906758,0.11279722099126177
2019-06-12 00:00:00,0.18693396100607562,0.21594509226310965,0.17223525075703017
2019-06-13 00:00:00,0.18346726310429173,0.21112237837389536,0.16803274854296024
2019-06-14 00:00:00,0.1825327937967507,0.20859392697780543,0.16792267082428114
2019-06-17 00:00:00,0.1825327937967507,0.20859392697780543,0.16792267082428114
2019-06-18 00:00:00,0.18296145500598815,0.21077439184084334,0.17024601211555668
2019-06-19 00:00:00,0.15906291581729914,0.18686194324205707,0.14865815594300846
2019-06-20 00:00:00,0.15906291581729914,0.18686194324205707,0.14865815594300846
2019-06-21 00:00:00,0.1579971780021936,0.1878041592036339,0.15150481944132843
2019-06-24 00:00:00,0.1481566114117896,0.17913327603085571,0.14167021049967343
2019-06-25 00:00:00,0.15275477135469306,0.18468495454821476,0.14227820450750883
2019-06-26 00:00:00,0.15160245344902812,0.18259052601758663,0.14099866534241778
2019-06-27 00:00:00,0.1765320859235322,0.21000010287987236,0.16759664740839564
2019-06-28 00:00:00,0.2000534836723189,0.23132960133634306,0.1836352665504375
2019-07-01 00:00:00,0.20935244794418129,0.23805239680422696,0.1879915369247347
2019-07-02 00:00:00,0.2133779841574739,0.2414959945458104,0.1897987556342624
2019-07-03 00:00:00,0.20628982970659293,0.23560603317804896,0.18028440666306644
2019-07-04 00:00:00,0.21163246911450395,0.24186010647402045,0.18652977623957878
2019-07-05 00:00:00,0.22768769904430863,0.2555342250578647,0.19925333002732049
2019-07-08 00:00:00,0.22768769904430863,0.2555342250578647,0.19925333002732049
2019-07-09 00:00:00,0.22768769904430863,0.2555342250578647,0.19925333002732049
2019-07-10 00:00:00,0.2515156178841138,0.2817327579340103,0.22391197728957857
2019-07-11 00:00:00,0.2608215392730113,0.2888617000921241,0.23282300910603437
2019-07-12 00:00:00,0.25498000796998643,0.2830065532454047,0.231033972870343
2019-07-15 00:00:00,0.21423300338192908,0.24188711057049717,0.18964385204797307
2019-07-16 00:00:00,0.22281681188819347,0.2509305526743357,0.20150530530331667
2019-07-17 00:00:00,0.21728628335787126,0.24406568730129297,0.19669980043922886
2019-07-18 00:00:00,0.19714275281569682,0.22393888225582992,0.1792383094308505
2019-07-19 00:00:00,0.18525661614988254,0.2098883706348189,0.16516662881139688
2019-07-22 00:00:00,0.14947096579675212,0.17348020959331678,0.1287039903754965
2019-07-23 00:00:00,0.1531403757540506,0.17907695467524265,0.13526435908174617
2019-07-24 00:00:00,0.16793252695105565,0.19403676065549158,0.14874757117127269
2019-07-25 00:00:00,0.16225650019148863,0.18928525493380577,0.14841622751239614
2019-07-26 00:00:00,0.2090174965300693,0.2392050925889102,0.1958712710654782
2019-07-29 00:00:00,0.2329040366558539,0.26451230340046106,0.21939601141790122
2019-07-30 00:00:00,0.22843957241619872,0.25793735391042927,0.21481793113669956
2019-07-31 00:00:00,0.22507156068746026,0.2519924089828085,0.20832455253093674
2019-08-01 00:00:00,0.21115997518255814,0.23615010351133536,0.19552291455239712
2019-08-02 00:00:00,0.21759166891024817,0.24180010779527028,0.19953980685460837
2019-08-05 00:00:00,0.20543514926615725,0.2281447833706649,0.186858154792928
2019-08-06 00:00:00,0.20726939338720762,0.23217140297965466,0.18674654143895864
2019-08-07 00:00:00,0.1974258217133864,0.22343468365604968,0.1746434203707634
2019-08-08 00:00:00,0.18748324027129204,0.21704001386127358,0.16632739607263103
2019-08-09 00:00:00,0.25987609239663434,0.2945900791131715,0.24073054155587537
2019-08-12 00:00:00,-0.1656923478224297,-0.14592323840016752,-0.18724776661818654
2019-08-13 00:00:00,-0.07956321210262762,-0.062437267627027504,-0.10784093879308443
2019-08-14 00:00:00,-0.10767740264035086,-0.09332983921654026,-0.13899418532047825
2019-08-15 00:00:00,-0.05528356587289962,-0.04184306689575834,-0.09224640783430194
2019-08-16 00:00:00,-0.06215166989362442,-0.05101071075510999,-0.09920950317588118
2019-08-19 00:00:00,-0.06215166989362442,-0.05101071075510999,-0.09920950317588118
2019-08-20 00:00:00,-0.13609752039259648,-0.13132341254977153,-0.17618574844069412
2019-08-21 00:00:00,-0.11107408438275468,-0.10761597268996059,-0.15545876689961102
2019-08-22 00:00:00,-0.10826486698602389,-0.10606614491641475,-0.15309603854104592
2019-08-23 00:00:00,-0.1466397258733373,-0.14485859412910662,-0.19247353843983384
2019-08-26 00:00:00,-0.1627985462377053,-0.16240273439985953,-0.20959522652444118
2019-08-27 00:00:00,-0.20698968371276794,-0.20771687226851632,-0.25286227934161765
2019-08-28 00:00:00,-0.18399495182697334,-0.188626839818948,-0.22945429522585425
2019-08-29 00:00:00,-0.2282440708287211,-0.23433389819692296,-0.2762591461883075
2019-08-30 00:00:00,-0.20768705230638596,-0.21430726673723832,-0.2547842464308323
2019-09-02 00:00:00,-0.15922165098129804,-0.16425774657052272,-0.20668100381421173
2019-09-03 00:00:00,-0.23419487942768447,-0.24394613387620734,-0.2775879699587396
2019-09-04 00:00:00,-0.19006320712490044,-0.20219237259347034,-0.2367629699178625
2019-09-05 00:00:00,-0.12942721384498046,-0.13510212923621834,-0.1763172713450082
2019-09-06 00:00:00,-0.10590726147055363,-0.11046436383656488,-0.15335766032392362
2019-09-09 00:00:00,-0.11365477375381094,-0.1191814781104319,-0.1598142563035455
2019-09-10 00:00:00,-0.07521426187952018,-0.07907824769939431,-0.12136081321774461
2019-09-11 00:00:00,-0.06303359868187208,-0.06565899201857639,-0.10931715930513308
2019-09-12 00:00:00,-0.0399186158372834,-0.03819548025566366,-0.08473831726196124
2019-09-13 00:00:00,0.0003650628214899587,0.0020442954221715492,-0.04586047784843583
2019-09-16 00:00:00,0.015272048255081216,0.018157159444672333,-0.03364258218940053
2019-09-17 00:00:00,0.005434480114295148,0.01042954144443109,-0.041941477237249725
2019-09-18 00:00:00,0.010584711469385777,0.013282106274634664,-0.0374719871522089
2019-09-19 00:00:00,0.018152987710423174,0.02093185923558516,-0.03129793412544302
2019-09-20 00:00:00,0.009682226200877553,0.011331062540385961,-0.04319521307665675
2019-09-23 00:00:00,-0.027740329025906618,-0.027732711953593836,-0.07998544546223685
2019-09-24 00:00:00,-0.07344485535923118,-0.07240778579595586,-0.12530556070962806
2019-09-25 00:00:00,-0.06569048637832797,-0.06509101546228913,-0.11785998818447152
2019-09-26 00:00:00,-0.06548565279766305,-0.06522817473747256,-0.11909875444666218
2019-09-27 00:00:00,-0.050291489971470704,-0.0469048676284034,-0.10328909680252785
2019-09-30 00:00:00,-0.04466278757229569,-0.04038405014524504,-0.09840937718549136
2019-10-01 00:00:00,-0.015533850859431486,-0.00873340749204976,-0.07005028319929285
2019-10-02 00:00:00,0.00546466045250682,0.014493865142106488,-0.04824367306112154
2019-10-03 00:00:00,-0.00038051533460359277,0.006464153306555254,-0.05622485178971548
2019-10-04 00:00:00,0.03834175344517976,0.04691803997370214,-0.01595992056245432
2019-10-07 00:00:00,0.01681926868674788,0.022115639046016877,-0.039098949984734066
2019-10-08 00:00:00,0.00039310411809068135,0.0047348753019635925,-0.05632183832461357
2019-10-09 00:00:00,0.003097453240512138,0.0078983614429331,-0.053193249614758686
2019-10-10 00:00:00,0.0419502810778718,0.05005843902407081,-0.01325042103944829
2019-10-11 00:00:00,0.0445767202036067,0.051523500432293146,-0.01023997989734704
2019-10-14 00:00:00,0.0445767202036067,0.051523500432293146,-0.01023997989734704
2019-10-15 00:00:00,0.026436165899133446,0.03326573181934034,-0.02772583095379566
2019-10-16 00:00:00,0.010593887106761679,0.013180823717843015,-0.04707590549101437
2019-10-17 00:00:00,0.04718935689000592,0.05188435389700641,-0.013184048220565292
2019-10-18 00:00:00,0.04340820253227551,0.04634428762611309,-0.017744314195271005
2019-10-21 00:00:00,0.05161621089377033,0.0542202514952419,-0.01041905946710664
2019-10-22 00:00:00,0.0765072386312402,0.07641794568993832,0.011104428451245374
2019-10-23 00:00:00,0.056554965970817994,0.05557963747219574,-0.009590456810283143
2019-10-24 00:00:00,0.08260042083745645,0.08203589575837578,0.014461768908928585
2019-10-25 00:00:00,0.11315635724210438,0.11256317144090766,0.04229298177484564
2019-10-28 00:00:00,0.0969129009141001,0.0918944027913402,0.020194544622087474
2019-10-29 00:00:00,0.09471428590097375,0.08880331022577326,0.014945036944826295
2019-10-30 00:00:00,0.14418528740205416,0.13984172959954821,0.05858776418420031
2019-10-31 00:00:00,0.19123326247897654,0.18247371576397842,0.09570289325387926
2019-11-01 00:00:00,0.2211338418052764,0.20830581300665862,0.12176016342979468
2019-11-04 00:00:00,0.26831796919511297,0.2542453593355398,0.16590108894289335
2019-11-05 00:00:00,0.24600720917795482,0.2331761710379574,0.14790287306866556
2019-11-06 00:00:00,0.20859544339185798,0.19478715061622665,0.11260217909095616
2019-11-07 00:00:00,0.2168249050554254,0.2050117145525734,0.11833491024841059
2019-11-08 00:00:00,0.15140415895314763,0.1396918556877702,0.05941816215834672
2019-11-11 00:00:00,0.13210458159756477,0.12159115232183404,0.04308347211407915
2019-11-12 00:00:00,0.12968729643035481,0.11745020126497607,0.041493139541070034
2019-11-13 00:00:00,0.09872088352398345,0.08386565931393775,0.01168868830719516
2019-11-14 00:00:00,0.051455681862588865,0.0364212434849458,-0.029353787364647888
2019-11-15 00:00:00,0.07747529362203753,0.06375811682018706,-0.005706738442013304
2019-11-18 00:00:00,0.07747529362203753,0.06375811682018706,-0.005706738442013304
2019-11-19 00:00:00,0.101949938881982,0.08567929905854021,0.015330370121452885
2019-11-20 00:00:00,0.15020046755025374,0.13267472361433463,0.059331439952392095
2019-11-21 00:00:00,0.14500087685453122,0.12618592567007791,0.05523318752113693
2019-11-22 00:00:00,0.15176737808995466,0.13521914571669846,0.06152100493397228
2019-11-25 00:00:00,0.15335877413573673,0.13324039910844654,0.0645777840263031
2019-11-26 00:00:00,0.11361788219215385,0.09172057014306212,0.027566857665458633
2019-11-27 00:00:00,0.15938018065006188,0.1397803297442486,0.07042333261085987
2019-11-28 00:00:00,0.17206585836005583,0.15087352338657167,0.08233388890325188
2019-11-29 00:00:00,0.1803683804521834,0.15679617927634437,0.09276019100397037
2019-12-02 00:00:00,0.14173190422343862,0.11808306449024242,0.06080060731459547
2019-12-03 00:00:00,0.11738293329040816,0.09423646527318863,0.039087324068750595
2019-12-04 00:00:00,0.16750555279430723,0.14464082931578726,0.0880880510647033
2019-12-05 00:00:00,0.19422374414252808,0.1705290019930945,0.11309855629662047
2019-12-06 00:00:00,0.22181942871352667,0.20038277704689134,0.14134017656352293
2019-12-09 00:00:00,0.21915657933632327,0.1991154987563557,0.14110129509255254
2019-12-10 00:00:00,0.17117111449414013,0.14930511772983412,0.0906767570877034
2019-12-11 00:00:00,0.17974829413336368,0.15602063174692482,0.09728115901431789
2019-12-12 00:00:00,0.19129624012340485,0.16867872976826348,0.10769183109996883
2019-12-13 00:00:00,0.23625378707937927,0.21385190806907883,0.14904561645109182
2019-12-16 00:00:00,0.26950853230939575,0.24960664823110346,0.1814956850100593
2019-12-17 00:00:00,0.2449028330573657,0.22231789352030673,0.15857950610287697
2019-12-18 00:00:00,0.26860167880152797,0.24571456215262755,0.18139348161083224
2019-12-19 00:00:00,0.2846761449390567,0.2582379111296582,0.1974768816975372
2019-12-20 00:00:00,0.3022094708376164,0.27362531040433336,0.21350613544095687
2019-12-23 00:00:00,0.33355377551691423,0.3074776330478126,0.24638663345237433
2019-12-24 00:00:00,0.33355377551691423,0.3074776330478126,0.24638663345237433
2019-12-26 00:00:00,0.4228690642579065,0.3969849970527741,0.33119758905571905
2019-12-27 00:00:00,0.4040372599141544,0.37872224458958614,0.31635573418091845
2019-12-30 00:00:00,0.4101212860575718,0.38005431655156663,0.31925231872218385
2019-12-31 00:00:00,0.4101212860575718,0.38005431655156663,0.31925231872218385
2020-01-02 00:00:00,0.389881167722419,0.3593674136293312,0.2990104917943204
2020-01-03 00:00:00,0.3615921722955555,0.3329107185495046,0.27376868867312165
2020-01-06 00:00:00,0.3990766006703914,0.3696677845984182,0.3082052268509683
2020-01-07 00:00:00,0.39494328715476,0.36308756568618805,0.30687682059001453
2020-01-08 00:00:00,0.3824594733570088,0.35340587186323114,0.29489650826170877
2020-01-09 00:00:00,0.4074482686262926,0.37812615088460255,0.3173416720951794
2020-01-10 00:00:00,0.43467547284187535,0.4020459292892373,0.3409515919977417
2020-01-13 00:00:00,0.42769164927547587,0.3924008213877028,0.33605930477086554
2020-01-14 00:00:00,0.4246627771588183,0.38852355531112703,0.3345496907385068
2020-01-15 00:00:00,0.4272862749280397,0.3887762051714574,0.33519198444033815
2020-01-16 00:00:00,0.4730889921653205,0.43042249137553923,0.3731781345037486
2020-01-17 00:00:00,0.4707565645383178,0.42849327325690645,0.373712850400995
2020-01-20 00:00:00,0.49036102369458456,0.45031825098761247,0.39202011010259263
2020-01-21 00:00:00,0.4414803814844832,0.3994023825792259,0.3458623081336938
2020-01-22 00:00:00,0.45055151953990946,0.41148726699110627,0.3561393506010475
2020-01-23 00:00:00,0.4337350081512752,0.3921319814512976,0.3389434644040954
2020-01-24 00:00:00,0.39436564774306704,0.35052927417177226,0.3017792887086863
2020-01-27 00:00:00,0.3835617451403164,0.34085149727370556,0.2924544629553587
2020-01-28 00:00:00,0.4213857958749987,0.37809792729786085,0.3255664922286554
2020-01-29 00:00:00,0.3972902189662477,0.35674572002240645,0.3041679002971487
2020-01-30 00:00:00,0.3931525350050886,0.3548491945244474,0.30092279495582575
2020-01-31 00:00:00,0.39109160171102686,0.3495280984399496,0.2983485903604788
2020-02-03 00:00:00,0.42446463070727636,0.38803626608833874,0.3311343198712857
2020-02-04 00:00:00,0.4105727643909969,0.3719140946891586,0.3169588030321784
2020-02-05 00:00:00,0.394291921253886,0.3578984810551131,0.302210874279198
2020-02-06 00:00:00,0.3944006790772536,0.35859745455169856,0.30166555647896165
2020-02-07 00:00:00,0.3967884521047027,0.3620801100252382,0.3023638479182049
2020-02-10 00:00:00,0.3865690164886373,0.35184069278821095,0.29336409983726597
2020-02-11 00:00:00,0.3451541357171015,0.3100827603693368,0.2533948116192273
2020-02-12 00:00:00,0.3484876695682013,0.3126470748242225,0.25688097768049345
2020-02-13 00:00:00,0.3111332016280328,0.2739888647722273,0.21894439783749764
2020-02-14 00:00:00,0.3097945128819073,0.2745425436583433,0.21373389040093493
2020-02-17 00:00:00,0.3289020977642221,0.2930493998270627,0.23173263118959797
2020-02-18 00:00:00,0.30407414306418756,0.26895761849870636,0.214698516084888
2020-02-19 00:00:00,0.30644006062846585,0.2729838796067048,0.21908485494541385
2020-02-20 00:00:00,0.3195888810618981,0.28666869549857354,0.2336877978828289
2020-02-21 00:00:00,0.3074522905094952,0.27450372620659746,0.22276088722187715
2020-02-24 00:00:00,0.3074522905094952,0.27450372620659746,0.22276088722187715
2020-02-25 00:00:00,0.3074522905094952,0.27450372620659746,0.22276088722187715
2020-02-26 00:00:00,0.23914870040769864,0.20394854455349054,0.15787471955527121
2020-02-27 00:00:00,0.1969148954259432,0.16064490154788102,0.12149267852523837
2020-02-28 00:00:00,0.1967461442288514,0.15800084279829796,0.12021974542420488
2020-03-02 00:00:00,0.24104824357301213,0.20393014118978248,0.1608155900305006
2020-03-03 00:00:00,0.2252390641022448,0.18998080430488695,0.14809649587166418
2020-03-04 00:00:00,0.26603084510979946,0.23132191108941624,0.1867726860069885
2020-03-05 00:00:00,0.24969941518186434,0.21316615205984468,0.1722328381342586
2020-03-06 00:00:00,0.2106581484633112,0.17106474367630176,0.1336007964692414
2020-03-09 00:00:00,0.0576583440616345,0.013017326657709605,-0.012933611466334649
2020-03-10 00:00:00,0.1327377619492529,0.08946156372837066,0.06119815451572208
2020-03-11 00:00:00,0.07816818237140533,0.03301720304719957,0.012396197649579443
2020-03-12 00:00:00,-0.0238880815250182,-0.06554496923825626,-0.08064098234505268
2020-03-13 00:00:00,-0.010943381169247757,-0.056847082395599435,-0.07321389307831339
2020-03-16 00:00:00,-0.10700106027900336,-0.1514480339900236,-0.1618385926265371
2020-03-17 00:00:00,-0.10469842223006942,-0.15097170872502996,-0.16047267528374565
2020-03-18 00:00:00,-0.23845183260635017,-0.28027722644230446,-0.28626168095986615
2020-03-19 00:00:00,-0.2099578008841908,-0.24890899841227454,-0.2616080282823344
2020-03-20 00:00:00,-0.16716241885638006,-0.20402411003123055,-0.22329542293448235
2020-03-23 00:00:00,-0.16716241885638006,-0.20402411003123055,-0.22329542293448235
2020-03-24 00:00:00,-0.16716241885638006,-0.20402411003123055,-0.22329542293448235
2020-03-25 00:00:00,-0.09168664008775274,-0.1282285604770741,-0.15178200753676763
2020-03-26 00:00:00,-0.1160839653898652,-0.1526735831237196,-0.17732205434228665
2020-03-27 00:00:00,-0.15710598856157132,-0.19447187362833152,-0.21443537054872464
2020-03-30 00:00:00,-0.14675015410634307,-0.18427017451071737,-0.20409505171806197
2020-03-31 00:00:00,-0.14675015410634307,-0.18427017451071737,-0.20409505171806197
2020-04-01 00:00:00,-0.11724283006865743,-0.15436067397730513,-0.17584547530206684
2020-04-02 00:00:00,-0.08938675702110077,-0.12881799845403075,-0.15264369218699791
2020-04-03 00:00:00,-0.07096362897306752,-0.11062142093722838,-0.13687597188281775
2020-04-06 00:00:00,-0.04343448132902927,-0.08776092350651188,-0.11618460162608513
2020-04-07 00:00:00,-0.03583842946939708,-0.08334678693202235,-0.11317167679547269
2020-04-08 00:00:00,0.002192069498630156,-0.04301182345928489,-0.07613570722643359
2020-04-09 00:00:00,0.002192069498630156,-0.04301182345928489,-0.07613570722643359
2020-04-13 00:00:00,0.027182907709139004,-0.019839285715459676,-0.053091304678923645
2020-04-14 00:00:00,0.08744849020714418,0.037318759220420716,0.002716185161246054
2020-04-15 00:00:00,0.11845151861782055,0.06832137702553243,0.02951251444257519
2020-04-16 00:00:00,0.05048374887470408,0.002438403700315117,-0.03849052153511112
2020-04-17 00:00:00,0.06287156687457807,0.009882636695353497,-0.029506507158194695
2020-04-20 00:00:00,0.08439450907688184,0.029171286599719348,-0.011987016808731155
2020-04-21 00:00:00,0.07807837844503673,0.018526949778547186,-0.017535366008136544
2020-04-22 00:00:00,0.09493697389128486,0.03377219766350259,-0.0025930830071835276
2020-04-23 00:00:00,0.09567244962919119,0.033203992078524314,-0.004046465273260802
2020-04-24 00:00:00,0.06610811700196617,0.0011703146508263984,-0.034056464510674456
2020-04-27 00:00:00,0.1049816598801614,0.033369553535912866,0.0007892207182806921
2020-04-28 00:00:00,0.2004673934741048,0.13025743118220023,0.09068110277451247
2020-04-29 00:00:00,0.19656197279304766,0.12906975713956026,0.08822531379150345
2020-04-30 00:00:00,0.19921135449981375,0.12932344608463664,0.08756859052078458
2020-05-01 00:00:00,0.19921135449981375,0.12932344608463664,0.08756859052078458
2020-05-04 00:00:00,0.18339623688246842,0.11661252861557925,0.0750096611700719
2020-05-05 00:00:00,0.22386327610629686,0.15891273660092686,0.11407601677455248
2020-05-06 00:00:00,0.25031469651720073,0.1844786355257353,0.13921983629174028
2020-05-07 00:00:00,0.2967592392934415,0.23067314040194842,0.18178924604300883
2020-05-08 00:00:00,0.3092730703050832,0.24289775459474616,0.19357355682005806
2020-05-11 00:00:00,0.3869010458049298,0.3154471674338031,0.2624004996403626
2020-05-12 00:00:00,0.41525550459239535,0.34042468164917716,0.2886447022854315
2020-05-13 00:00:00,0.36945511678205767,0.2920756645493807,0.24582707239544477
2020-05-14 00:00:00,0.4067628447253997,0.33252588272644257,0.2800076426060374
2020-05-15 00:00:00,0.4240284371072891,0.3452091787821763,0.2932669585434211
2020-05-18 00:00:00,0.45163197755876383,0.37255115624313206,0.31996320580717574
2020-05-19 00:00:00,0.44354754855889245,0.35742048920753344,0.3142010016412571
2020-05-20 00:00:00,0.4548254966025391,0.3662979633512453,0.32488386663656854
2020-05-21 00:00:00,0.4969948806750981,0.40935142229186927,0.3644635510139054
2020-05-22 00:00:00,0.48668041702339093,0.3978586672065145,0.35422103071783484
2020-05-26 00:00:00,0.4943984455268504,0.40997140663836573,0.35827602604127295
2020-05-27 00:00:00,0.47469751149436257,0.39675306907938657,0.33601686134342956
2020-05-28 00:00:00,0.4344131306492729,0.3560555460298278,0.29232832689440436
2020-05-29 00:00:00,0.4044223976184278,0.3234367935810707,0.26035971021763604
2020-06-01 00:00:00,0.4825683850993503,0.3987061872162725,0.3298797336837227
2020-06-02 00:00:00,0.5498981152396283,0.46904380004503143,0.3900473333064982
2020-06-03 00:00:00,0.6004797901255923,0.522237515090709,0.443277692997758
2020-06-04 00:00:00,0.594282483743048,0.517717924128196,0.4403624600038656
2020-06-05 00:00:00,0.6518610942254581,0.5690079653257398,0.4911717061932319
2020-06-08 00:00:00,0.7735976652312924,0.6932743612258245,0.6074802923422855
2020-06-09 00:00:00,0.6938555248330336,0.6183887558305874,0.5340474540264954
2020-06-10 00:00:00,0.7017680444114305,0.6278934027351903,0.5351795246241315
2020-06-11 00:00:00,0.5825276184433716,0.5101095102070625,0.43002288201443273
2020-06-12 00:00:00,0.5843910150359801,0.5173547145579347,0.43194066443013246
2020-06-15 00:00:00,0.5843910150359801,0.5173547145579347,0.43194066443013246
2020-06-16 00:00:00,0.5618104809844793,0.4975490643284244,0.4098815463672041
2020-06-17 00:00:00,0.48623959910280257,0.42211956397699635,0.34219932509691375
2020-06-18 00:00:00,0.39199929724194393,0.3302542425069308,0.2559458171979472
2020-06-19 00:00:00,0.4895713582204131,0.42505231678125566,0.34229944878972773
2020-06-22 00:00:00,0.4716943488804941,0.4048451719615216,0.3220722577671302
2020-06-23 00:00:00,0.4870749557152918,0.41635054960782125,0.33327515545614905
2020-06-24 00:00:00,0.4710814885952914,0.3999597256459446,0.32224342416629703
2020-06-25 00:00:00,0.5258409782566411,0.456162846382403,0.3746627405913612
2020-06-26 00:00:00,0.4775003522836909,0.40882628972684487,0.3286557631281679
2020-06-29 00:00:00,0.466064873294332,0.4013891125139495,0.32031286198360664
2020-06-30 00:00:00,0.4052865688298579,0.34332353116325454,0.2682000638751505
2020-07-01 00:00:00,0.44631420264190536,0.38369581239863004,0.30501276360862084
2020-07-02 00:00:00,0.44281492902308295,0.38035084605949776,0.29958872913109724
2020-07-03 00:00:00,0.4562800626564423,0.39362378624582384,0.3139122479844103
2020-07-06 00:00:00,0.5767344258274263,0.5088845672367386,0.42751720082937616
2020-07-07 00:00:00,0.5410769112925271,0.47827334402140753,0.39877612442000765
2020-07-08 00:00:00,0.5571121416622609,0.4960471432497384,0.4200069849351855
2020-07-09 00:00:00,0.5571121416622609,0.4960471432497384,0.4200069849351855
2020-07-10 00:00:00,0.5571121416622609,0.4960471432497384,0.4200069849351855
2020-07-13 00:00:00,0.5641642049625881,0.5056874904140234,0.4261939059730391
2020-07-14 00:00:00,0.5861311079083493,0.5272346028533901,0.4450220887177969
2020-07-15 00:00:00,0.6224189607548243,0.5615179666235905,0.47692725848133755
2020-07-16 00:00:00,0.6278431739264487,0.564691352027644,0.4802541743109028
2020-07-17 00:00:00,0.6414797862186912,0.5753981578611203,0.48832623278265497
2020-07-20 00:00:00,0.6458822263111339,0.5792256524501185,0.488196356256126
2020-07-21 00:00:00,0.6883555313557379,0.6194624481378934,0.5274229207336907
2020-07-22 00:00:00,0.7482858956412137,0.6777440423642647,0.5813468729169533
2020-07-23 00:00:00,0.73644879004931,0.6624828815821677,0.5686577086552735
2020-07-24 00:00:00,0.7495670726182946,0.6723184644092723,0.581075808146662
2020-07-27 00:00:00,0.779474207776147,0.697293990099074,0.602894861187556
2020-07-28 00:00:00,0.7689048690702347,0.6824920586661511,0.5908677353678937
2020-07-29 00:00:00,0.7733177488831442,0.6821344039125634,0.5920985005259667
2020-07-30 00:00:00,0.7922166686998093,0.701588943788088,0.6103756759289187
2020-07-31 00:00:00,0.7871275425800226,0.6993402059751839,0.6061684424161178
2020-08-03 00:00:00,0.8811970409125278,0.7954139338575918,0.6960418181571282
2020-08-04 00:00:00,0.8868147387912775,0.8009139373731184,0.6959707710734331
2020-08-05 00:00:00,0.8455887683692989,0.7643758016152782,0.656991622538464
2020-08-06 00:00:00,0.8641851663265392,0.7798211353642128,0.6708984039692356
2020-08-07 00:00:00,0.900113013637202,0.8146928319009379,0.7035945899798723
2020-08-10 00:00:00,0.9030225672477852,0.8130546716808444,0.7031084758271104
2020-08-11 00:00:00,0.872313528370692,0.7814310180533393,0.6765000637396958
2020-08-12 00:00:00,0.803980553700365,0.7185132696468584,0.6198993303854954
2020-08-13 00:00:00,0.8281459433153722,0.747208310307167,0.6468057085084613
2020-08-14 00:00:00,0.7852873408115122,0.7090818002355104,0.6117853623481941
2020-08-17 00:00:00,0.7852873408115122,0.7090818002355104,0.6117853623481941
2020-08-18 00:00:00,0.7253453483015653,0.6473209829218565,0.5570821539291169
2020-08-19 00:00:00,0.7658834896735567,0.686997892465848,0.5947244848731315
2020-08-20 00:00:00,0.7825596631068061,0.7009607706472134,0.6060342312837002
2020-08-21 00:00:00,0.7764586807990521,0.6926726161593333,0.6016600529228784
2020-08-24 00:00:00,0.7414586104423924,0.6637186033164033,0.5682110938558707
2020-08-25 00:00:00,0.7276048137951847,0.6502098695136953,0.5552298710670898
2020-08-26 00:00:00,0.698683538688242,0.6235107946253371,0.5322103485262151
2020-08-27 00:00:00,0.6365847910953597,0.5648136435657036,0.4789222657040093
2020-08-28 00:00:00,0.7192585262745257,0.6411692087357397,0.5510002791831641
2020-08-31 00:00:00,0.7348512297555345,0.6559509649270916,0.5638473168002014
2020-09-01 00:00:00,0.7246206142546916,0.6453237624699091,0.5528766743512281
2020-09-02 00:00:00,0.6664798775871199,0.5912921063040151,0.5018374192826689
2020-09-03 00:00:00,0.6653081611636464,0.5882902864549757,0.498188655123204
2020-09-04 00:00:00,0.6780899939891074,0.6005645581583863,0.511216387235194
2020-09-07 00:00:00,0.7004315973836961,0.6214079835504516,0.529692685587942
2020-09-08 00:00:00,0.6934077537210912,0.6115250415902673,0.5216534518443139
2020-09-09 00:00:00,0.7218538949243263,0.6405154109238973,0.5480096901476907
2020-09-10 00:00:00,0.732507261654201,0.6515734380097384,0.5622952135469192
2020-09-11 00:00:00,0.7118657951233389,0.628995854113253,0.5416691022250357
2020-09-14 00:00:00,0.6747886570427293,0.5901774621106073,0.5063411303073315
2020-09-15 00:00:00,0.6730683913436175,0.5874937527212973,0.5038907953648839
2020-09-16 00:00:00,0.5891371164686989,0.5053187211837666,0.42530557174977024
2020-09-17 00:00:00,0.4950675976460186,0.41570472288656823,0.34533893520232706
2020-09-18 00:00:00,0.5633287131958178,0.48239415112487527,0.4085902351436157
2020-09-21 00:00:00,0.5444902244058225,0.45887998676684316,0.39067965428672835
2020-09-22 00:00:00,0.5584113555752723,0.46850266132177754,0.4029440181250876
2020-09-23 00:00:00,0.5755745163182353,0.48274591846080717,0.41405397013576106
2020-09-24 00:00:00,0.6041192540620872,0.5105923402750443,0.44325348250293994
2020-09-25 00:00:00,0.6193683192820669,0.5250717662090822,0.4596160418314994
2020-09-28 00:00:00,0.6188255987951972,0.5249844158189108,0.45662645834817495
2020-09-29 00:00:00,0.6194052881675274,0.5259808277626064,0.4574118306528263
2020-09-30 00:00:00,0.5924385073909928,0.49787706349576455,0.4326019170085855
2020-10-01 00:00:00,0.6568165248050051,0.5576716529533419,0.49321287567909566
2020-10-02 00:00:00,0.6842058338515582,0.5840681419617411,0.5163380318754094
2020-10-05 00:00:00,0.7081863294988124,0.6038304667617231,0.5344183750869895
2020-10-06 00:00:00,0.7224288810113153,0.60698542194496,0.5387080175755954
2020-10-07 00:00:00,0.7278306592864652,0.6133903189730936,0.5424230792430369
2020-10-08 00:00:00,0.753714353364086,0.6382403172688815,0.5684917789471255
2020-10-09 00:00:00,0.7654825530726244,0.6539688625892595,0.5824986959938601
2020-10-12 00:00:00,0.7654825530726244,0.6539688625892595,0.5824986959938601
2020-10-13 00:00:00,0.7875608960887099,0.6713637153539562,0.6099124512791185
2020-10-14 00:00:00,0.8456091905837742,0.7251502264782488,0.6609333222876661
2020-10-15 00:00:00,0.8833446092163988,0.7615061214214627,0.6929079707526602
2020-10-16 00:00:00,0.9125794723375193,0.7902890844731545,0.7173511487998407
2020-10-19 00:00:00,0.9347025480011262,0.8117220638357363,0.7422971565756962
2020-10-20 00:00:00,0.9603097780431151,0.8356922770963513,0.7675375565490239
2020-10-21 00:00:00,0.9808554330933279,0.8497162176308533,0.7837683840005725
2020-10-22 00:00:00,1.031150483821595,0.9008083566889769,0.8326776957425219
2020-10-23 00:00:00,1.073567610945949,0.9368629046383481,0.8645212270234477
2020-10-26 00:00:00,0.9615399053445077,0.8313923675230084,0.7596968843672147
2020-10-27 00:00:00,0.8425167946282004,0.7241258971069389,0.6543620151912475
2020-10-28 00:00:00,0.7309104945198,0.6133205666452131,0.5520470920673948
2020-10-29 00:00:00,0.7946718717932462,0.6697778959047789,0.6094901702180464
2020-10-30 00:00:00,0.8089195693967421,0.6811587785930633,0.6133054996990013
2020-11-02 00:00:00,0.8986302961148254,0.7614788804457657,0.6967109193725185
2020-11-03 00:00:00,0.9176950474788883,0.7785116562024987,0.7150225680917079
2020-11-04 00:00:00,0.8792119568850041,0.746339030359144,0.6794941731439823
2020-11-05 00:00:00,0.9248310700613553,0.7929474905084868,0.7181187957810957
2020-11-06 00:00:00,0.9277472690330164,0.7968130110833544,0.7223125971827107
2020-11-09 00:00:00,0.9588732743928428,0.8348170676364306,0.7489618352578968
2020-11-10 00:00:00,1.0140127346629257,0.901035703339389,0.7949649504705141
2020-11-11 00:00:00,1.0167789050264653,0.8968903933908334,0.7932530397202375
2020-11-12 00:00:00,1.0709062230680453,0.9421225797032944,0.8401076883614766
2020-11-13 00:00:00,0.9571269146875152,0.8410193431648214,0.7370504908172393
2020-11-16 00:00:00,0.9879600734046177,0.8706029714082317,0.7621791619709999
2020-11-17 00:00:00,1.016927424599789,0.8948867812400061,0.7868059850720237
2020-11-18 00:00:00,0.996593784457974,0.8766163799208475,0.7683167486742515
2020-11-19 00:00:00,0.9743004622580491,0.8538174571022221,0.7520108711422031
2020-11-20 00:00:00,0.9916251369656874,0.8700083013831219,0.766485651309254
2020-11-23 00:00:00,0.9916251369656874,0.8700083013831219,0.766485651309254
2020-11-24 00:00:00,1.0687603013407294,0.9490937543384916,0.8308753373069684
2020-11-25 00:00:00,1.0772306572609835,0.956840444968851,0.8423930891794278
2020-11-26 00:00:00,1.0943782008648015,0.9737306236943899,0.8546196230509544
2020-11-27 00:00:00,1.1228286477041372,1.0054442222069704,0.8781316613381922
2020-11-30 00:00:00,1.1031997926452006,0.976973227216309,0.8635574002663755
2020-12-01 00:00:00,1.1254283718655156,0.999571987532559,0.8831996107585192
2020-12-02 00:00:00,1.1427619673979588,1.0130185519112365,0.8986457560840777
2020-12-03 00:00:00,1.1362750977178462,1.001366786910221,0.8936003458453747
2020-12-04 00:00:00,1.1202268375375808,0.9875080035018993,0.8780038079239192
2020-12-07 00:00:00,1.1202268375375808,0.9875080035018993,0.8780038079239192
2020-12-08 00:00:00,1.1202268375375808,0.9875080035018993,0.8780038079239192
2020-12-09 00:00:00,1.0218781238459709,0.8929421138592517,0.7989442304215679
2020-12-10 00:00:00,1.0701176158151817,0.9428497272124721,0.8375135581105211
2020-12-11 00:00:00,1.0807192164584682,0.9515214777486092,0.8494940969588263
2020-12-14 00:00:00,1.048339879105813,0.9250487878465143,0.8243509207255615
2020-12-15 00:00:00,1.0608607659357223,0.9331296813893053,0.8303230328313647
2020-12-16 00:00:00,1.0550688035447062,0.9306413587212723,0.821960396378695
2020-12-17 00:00:00,1.049015012999472,0.9256692681499497,0.8158646304219415
2020-12-18 00:00:00,1.0209723187568036,0.8970556967953089,0.7928315536549533
2020-12-21 00:00:00,0.934140974725951,0.8134777804807689,0.7192941734579548
2020-12-22 00:00:00,0.9476922092154711,0.8243980830355278,0.7320507394271507
2020-12-23 00:00:00,0.9857057000674525,0.8636548899232401,0.770408063460148
2020-12-24 00:00:00,0.9857057000674525,0.8636548899232401,0.770408063460148
2020-12-28 00:00:00,0.9504961870832596,0.8260877141997935,0.7424555740666687
2020-12-29 00:00:00,0.9975261209735027,0.8746798987422635,0.7856982434831625
2020-12-30 00:00:00,1.0087304978006326,0.87639758194234,0.7968218782416041
2020-12-31 00:00:00,1.0087304978006326,0.87639758194234,0.7968218782416041
2021-01-04 00:00:00,1.0032374797225065,0.8677972174054724,0.7902411395862667
2021-01-05 00:00:00,1.0428210491422627,0.9046163393137217,0.8255884781350977
2021-01-06 00:00:00,1.0572893094084752,0.9166095884570695,0.8379861230637007
2021-01-07 00:00:00,1.0779706116486363,0.9362744013364457,0.8553274744100334
2021-01-08 00:00:00,1.0395834970349211,0.8999633181954412,0.8281596089897079
2021-01-11 00:00:00,1.0237744105069093,0.8777816721084404,0.8136930874323338
2021-01-12 00:00:00,1.0530904020094072,0.8928975867512612,0.8457169740820096
2021-01-13 00:00:00,1.0474795013907512,0.8870568669440646,0.8407900005263136
2021-01-14 00:00:00,1.051062686624706,0.8916572829076705,0.8472144023390369
2021-01-15 00:00:00,1.0406061910295294,0.8786132252907928,0.839832781092017
2021-01-18 00:00:00,1.0308488921588848,0.8695971512671161,0.8334551630664964
2021-01-19 00:00:00,1.0590930092741244,0.8889646306827848,0.8586171279046286
2021-01-20 00:00:00,1.043598342541853,0.8732409431310482,0.845688607258898
2021-01-21 00:00:00,0.9728749515130042,0.8043110726283917,0.7822780054392544
2021-01-22 00:00:00,0.9690364399357185,0.8068264270456849,0.7782319033807179
2021-01-25 00:00:00,0.9325691698126171,0.7744973381676215,0.7460992457965292
2021-01-26 00:00:00,0.9983604045269616,0.8414728190235421,0.8021636868947837
2021-01-27 00:00:00,1.0057776713496582,0.8600714551564066,0.8094028331695895
2021-01-28 00:00:00,0.9872024145808287,0.8417777534870032,0.7934819386648408
2021-01-29 00:00:00,0.9422185899644164,0.7973116152103159,0.754717388444597
2021-02-01 00:00:00,0.9892563396466634,0.8430730585691983,0.7956316541991739
2021-02-02 00:00:00,1.0031547912556702,0.851603690593653,0.8077214184608783
2021-02-03 00:00:00,1.0152037749289415,0.8656973031213975,0.8167454588563465
2021-02-04 00:00:00,1.037737282995836,0.8880488194146479,0.8331679736208837
2021-02-05 00:00:00,1.0424332571704618,0.8927730407288825,0.8401442118489189
2021-02-08 00:00:00,1.040993130939437,0.8916299131873393,0.8388913125955753
2021-02-09 00:00:00,1.084958273444892,0.9394731350148882,0.8738749921011351
2021-02-10 00:00:00,1.0787056475469994,0.9315709539374604,0.8677297907371206
2021-02-11 00:00:00,1.0586559763757646,0.9129144584258091,0.8470282698608063
2021-02-12 00:00:00,1.051192056183877,0.908283344531635,0.8415244329475287
2021-02-16 00:00:00,1.051192056183877,0.908283344531635,0.8415244329475287
2021-02-17 00:00:00,1.081666967868085,0.9425089194177241,0.8716936054265687
2021-02-18 00:00:00,1.0519774506471613,0.9172662363208608,0.8448878485984066
2021-02-19 00:00:00,1.0258108094185068,0.8899283409976397,0.8229214388353523
2021-02-22 00:00:00,0.9628463491377408,0.8277003422489684,0.7635138421289287
2021-02-23 00:00:00,0.9220136236403764,0.784099302066982,0.7265191414568675
2021-02-24 00:00:00,0.9857798145777708,0.8465651661525786,0.7840516956973129
2021-02-25 00:00:00,0.9592276259512362,0.8218018365248347,0.7578621994418306
2021-02-26 00:00:00,0.9406926706887533,0.8050135618047565,0.7425007748510923
2021-03-01 00:00:00,0.9491146505862622,0.8190953401753531,0.7452489096824928
2021-03-02 00:00:00,0.9111641413294485,0.781560132542618,0.7118653960111254
2021-03-03 00:00:00,0.8726514033391142,0.7480509305724499,0.6772005222200912
2021-03-04 00:00:00,0.8782879640804842,0.7585392051444066,0.6801225096071171
2021-03-05 00:00:00,0.8607449949666555,0.740325931386052,0.6674699080518562
2021-03-08 00:00:00,0.8585703565624598,0.7385838267167877,0.6655493233033374
2021-03-09 00:00:00,0.81958044095141,0.6970837800554934,0.6295443561915446
2021-03-10 00:00:00,0.8343092055849384,0.7169613855696733,0.6379494357800772
2021-03-11 00:00:00,0.8888197558613282,0.7620272801644612,0.6869131508535056
2021-03-12 00:00:00,0.9181463825574361,0.7906520151613239,0.7120698334116877
2021-03-15 00:00:00,0.9745906593509266,0.8443539104807509,0.7625827633078746
2021-03-16 00:00:00,0.9480074109809813,0.8175240664666976,0.7403916583539873
2021-03-17 00:00:00,0.9492934095403052,0.8212040983601572,0.7410845072705672
2021-03-18 00:00:00,0.8949813959861765,0.7692309799299595,0.6911154756937092
2021-03-19 00:00:00,0.9086257440063952,0.7802272497865659,0.7061953648538069
2021-03-22 00:00:00,0.9232497342245332,0.7920960527851724,0.7193441205803888
2021-03-23 00:00:00,0.9027679969900531,0.7711973002108279,0.6987490097985267
2021-03-24 00:00:00,0.9027679969900531,0.7711973002108279,0.6987490097985267
2021-03-25 00:00:00,0.8369414064125105,0.7065892268553433,0.6394496909001544
2021-03-26 00:00:00,0.8221261552717885,0.6913048126859027,0.6244739121672214
2021-03-29 00:00:00,0.8704526640597994,0.7310254748120542,0.6707197780224827
2021-03-30 00:00:00,0.9040129589299182,0.7608530154254944,0.6966842925058487
2021-03-31 00:00:00,0.9005685429305559,0.7537700967106313,0.6946282422898682
2021-04-01 00:00:00,0.9005685429305559,0.7537700967106313,0.6946282422898682
2021-04-05 00:00:00,0.9247857566617552,0.7740289512996681,0.7154975582757148
2021-04-06 00:00:00,0.9905188516018113,0.8391050188031823,0.7742427076836267
2021-04-07 00:00:00,0.9816279386433187,0.8281800118683671,0.7653131788427519
2021-04-08 00:00:00,0.9707385768400116,0.817956690792115,0.7570368136725298
2021-04-09 00:00:00,0.9467330143846326,0.7934256733396734,0.7371307432873457
2021-04-12 00:00:00,0.9146262035955686,0.7648568141236305,0.7084390203558459
2021-04-13 00:00:00,0.897007208358082,0.7501943193538054,0.691066737872406
2021-04-14 00:00:00,0.8750570195937619,0.7325875118476926,0.6713791538729745
2021-04-15 00:00:00,0.8639877118414592,0.7186852826870256,0.6617470314561511
2021-04-16 00:00:00,0.884407159978674,0.7401846886776979,0.6791467650643921
2021-04-19 00:00:00,0.8983418887946173,0.7513410781958838,0.6921058471264991
2021-04-20 00:00:00,0.8519105031938343,0.7094926652413793,0.6499194198039597
2021-04-21 00:00:00,0.8863029129518054,0.7440682062204025,0.6826195667587316
2021-04-22 00:00:00,0.8758276206930538,0.7342714258842526,0.6765254407388765
2021-04-23 00:00:00,0.8876582506703867,0.7432791706639152,0.6878180667489469
2021-04-26 00:00:00,0.9092391004442992,0.764498783044808,0.7062783657691054
2021-04-27 00:00:00,0.9405639401233534,0.7968388069873307,0.7325846763043715
2021-04-28 00:00:00,0.9840509623612512,0.8367459879908081,0.7707358673161142
2021-04-29 00:00:00,0.9835602632248326,0.8380670457626733,0.7704829202265846
2021-04-30 00:00:00,0.9593954627312848,0.8090081968220995,0.7513820482281239
2021-05-03 00:00:00,0.9485959083459445,0.7981357508967333,0.7416664338378336
2021-05-04 00:00:00,0.9405919308050905,0.7910315518041444,0.7346510527680177
2021-05-05 00:00:00,0.9512655310212117,0.8047582281351688,0.7444109664202392
2021-05-06 00:00:00,0.9581152934964132,0.8057336763804501,0.7506666160708271
2021-05-07 00:00:00,1.027500432468889,0.8722617426589343,0.8121959738703848
2021-05-10 00:00:00,1.0359315680988517,0.8800040472126536,0.8207573919018014
2021-05-11 00:00:00,1.0178066245040673,0.8581539583809699,0.8028338917023943
2021-05-12 00:00:00,1.0153924446361309,0.858538849451739,0.8021319458644531
2021-05-13 00:00:00,1.0745746515615493,0.9166279476269708,0.852594576637042
2021-05-14 00:00:00,1.152202108057673,0.990611350376525,0.9229543354861798
2021-05-17 00:00:00,1.2024226532109878,1.0321070608904117,0.9692223752890441
2021-05-18 00:00:00,1.20185939192879,1.0316619181670696,0.9688530518792826
2021-05-19 00:00:00,1.193606257011595,1.02389693795842,0.9590973255185624
2021-05-20 00:00:00,1.2314162493520358,1.0564378629813018,0.9927511959643431
2021-05-21 00:00:00,1.2026762019134063,1.0308895076072968,0.9652306532527295
2021-05-24 00:00:00,1.2026762019134063,1.0308895076072968,0.9652306532527295
2021-05-25 00:00:00,1.2026762019134063,1.0308895076072968,0.9652306532527295
2021-05-26 00:00:00,1.2139894700510085,1.046603108591421,0.9745336339367638
2021-05-27 00:00:00,1.2539134784143227,1.0852647532520847,1.0100014436064364
2021-05-28 00:00:00,1.3120951612022078,1.1414592729009208,1.0615851276705879
2021-05-31 00:00:00,1.3196051500308306,1.1456711154164223,1.0687547812567155
2021-06-01 00:00:00,1.384783172296446,1.2118391213618152,1.1294786627383262
2021-06-02 00:00:00,1.45467967999946,1.2789604993358195,1.1955828213289768
2021-06-03 00:00:00,1.5168614383308432,1.343287932061016,1.2543881714025904
2021-06-04 00:00:00,1.579532584093231,1.4103057815797397,1.311886799482839
2021-06-07 00:00:00,1.6514716000627074,1.4873202341966532,1.373289282899881
2021-06-08 00:00:00,1.605140429374723,1.4448450306973895,1.3301144280867314
2021-06-09 00:00:00,1.69166779682415,1.5243450371067557,1.4058589370420562
2021-06-10 00:00:00,1.6795707052574667,1.5054818921161823,1.3945109307482326
2021-06-11 00:00:00,1.6223019579755285,1.4506485109880352,1.3426375857627821
2021-06-14 00:00:00,1.6556292956170808,1.4848556007092384,1.3725103640710548
2021-06-15 00:00:00,1.664014138890209,1.495754612669372,1.383608695510198
2021-06-16 00:00:00,1.6772839304462064,1.5139510017761446,1.396566634496097
2021-06-17 00:00:00,1.6276607360471722,1.4691066641896064,1.352457221212299
2021-06-18 00:00:00,1.581368285369022,1.4279503269373177,1.3159443331592486
2021-06-21 00:00:00,1.581368285369022,1.4279503269373177,1.3159443331592486
2021-06-22 00:00:00,1.5927065898646178,1.4416271309413573,1.3240231153179316
2021-06-23 00:00:00,1.6131116053810217,1.4523378280531087,1.33993136767906
2021-06-24 00:00:00,1.6460891784258602,1.4832391406896148,1.3704346282472577
2021-06-25 00:00:00,1.5960049097998392,1.4323628914365627,1.324502490635374
2021-06-28 00:00:00,1.553051109788596,1.3883020143249283,1.2843184758458417
2021-06-29 00:00:00,1.5209271138357523,1.3495566534088792,1.2545726356063942
2021-06-30 00:00:00,1.5036345627821825,1.3375481152847595,1.2385699184242918
2021-07-01 00:00:00,1.4951832697840426,1.327649779031053,1.2237203107946146
2021-07-02 00:00:00,1.5618996524307742,1.3775620796941466,1.2821909610113962
2021-07-05 00:00:00,1.6261147259447886,1.430319078309386,1.3387925578670812
2021-07-06 00:00:00,1.574141075044563,1.3773996994401365,1.292446794330663
2021-07-07 00:00:00,1.5646188680279831,1.370728912341432,1.2869402562028442
2021-07-08 00:00:00,1.532512717691286,1.3348880968013623,1.2551520988633666
2021-07-09 00:00:00,1.532512717691286,1.3348880968013623,1.2551520988633666
2021-07-12 00:00:00,1.6030364803096258,1.4067286750512737,1.3172353136573345
2021-07-13 00:00:00,1.609051532522046,1.4154591889394186,1.3210533459791742
2021-07-14 00:00:00,1.5839813128180893,1.3907752343865374,1.2952260772146853
2021-07-15 00:00:00,1.5676609225040692,1.3696599486057472,1.2791195113557476
2021-07-16 00:00:00,1.5494252797028425,1.3533912189367348,1.2701504810188426
2021-07-19 00:00:00,1.503062759340843,1.315371305598458,1.2328789520272543
2021-07-20 00:00:00,1.5677273302196637,1.3695474682044457,1.286303320417089
2021-07-21 00:00:00,1.6602358832673265,1.4564847831400112,1.3634491839051406
2021-07-22 00:00:00,1.6587358990803192,1.45245296319461,1.3586026179860418
2021-07-23 00:00:00,1.6309541467215967,1.4238772032634759,1.332122350714128
2021-07-26 00:00:00,1.6490210288791305,1.4390512635718435,1.347132064289836
2021-07-27 00:00:00,1.6458909461077975,1.4376766689664806,1.3502613462736148
2021-07-28 00:00:00,1.6692609449496172,1.455041896813459,1.3677055514590526
2021-07-29 00:00:00,1.695350663877075,1.4815741177034836,1.3853241116244068
2021-07-30 00:00:00,1.6401033201085262,1.4286827601645888,1.3362791805973573
2021-08-02 00:00:00,1.6470473102811845,1.4308035349592036,1.337144283600876
2021-08-03 00:00:00,1.6468509587064921,1.4363075112885122,1.3408491685297155
2021-08-04 00:00:00,1.6117936852515227,1.3995367645359034,1.3125852194508711
2021-08-05 00:00:00,1.6569299873757095,1.4428285707656063,1.3549103792688646
2021-08-06 00:00:00,1.655863769810889,1.4411970215917007,1.357016547528561
2021-08-09 00:00:00,1.6475654994639624,1.4427422724959373,1.3535460072287737
2021-08-10 00:00:00,1.7150823849483028,1.5157701977235125,1.4165903840572343
2021-08-11 00:00:00,1.767613817017954,1.568775285888874,1.4619272172528768
2021-08-12 00:00:00,1.759396215692623,1.5608566956828533,1.4584692364536531
2021-08-13 00:00:00,1.756187746609419,1.5570744194452328,1.454319634688316
2021-08-16 00:00:00,1.756187746609419,1.5570744194452328,1.454319634688316
2021-08-17 00:00:00,1.6891438426575212,1.4969991691327493,1.3980203261935267
2021-08-18 00:00:00,1.6564097481246383,1.466884387402461,1.374413845852882
2021-08-19 00:00:00,1.6392079381368565,1.4530114707399302,1.3661127958545687
2021-08-20 00:00:00,1.6864754006462621,1.4942714564466928,1.4128380143583121
2021-08-23 00:00:00,1.742795665597325,1.5553984055481784,1.46816931433227
2021-08-24 00:00:00,1.8437275692478146,1.6614737857531119,1.5568161083380572
2021-08-25 00:00:00,1.8702916425494118,1.6953768538693876,1.58095137051677
2021-08-26 00:00:00,1.8781788066447276,1.7054129057740766,1.5824315155346755
2021-08-27 00:00:00,1.9369518743301053,1.7650441798685566,1.6363419779313446
2021-08-30 00:00:00,2.082978335456099,1.9103583965979443,1.7655041779684741
2021-08-31 00:00:00,2.0878225272599833,1.912226866054462,1.771946393576918
2021-09-01 00:00:00,2.037789320473844,1.862428144352433,1.7248939086250932
2021-09-02 00:00:00,2.032469849086665,1.8577200541495786,1.7149724891586713
2021-09-03 00:00:00,2.018625022692343,1.8414420449644857,1.7003700292012964
2021-09-06 00:00:00,2.0750370365119974,1.8955902123072863,1.755147361902595
2021-09-07 00:00:00,2.1855210861291146,2.0108733514865897,1.8664565956724246
2021-09-08 00:00:00,2.1192184892919848,1.9470796534157735,1.8105840606860477
2021-09-09 00:00:00,2.0840930173834327,1.9143762980525225,1.7764895443412705
2021-09-10 00:00:00,2.0358001042516984,1.8716232310439045,1.7328954116435313
2021-09-13 00:00:00,2.2069044925199552,2.0402653841822294,1.8961040374760967
2021-09-14 00:00:00,2.156308100219544,1.9930002906019215,1.8528629268417949
2021-09-15 00:00:00,2.1399640174499104,1.9738913175327837,1.8435543510337045
2021-09-16 00:00:00,2.2049753768957374,2.0420361140246177,1.9151604806009472
2021-09-17 00:00:00,2.1735896564445407,2.0143237820052855,1.8906002160442998
2021-09-20 00:00:00,1.985155911536666,1.8245452116375205,1.7099852176684802
2021-09-21 00:00:00,2.0085396782119265,1.846246927093993,1.7277445942125067
2021-09-22 00:00:00,2.046419301227593,1.8816983103155462,1.7695765576063947
2021-09-23 00:00:00,2.0560961563323663,1.8852034327980745,1.7773504987118995
2021-09-24 00:00:00,2.0302506399256024,1.860569431460772,1.7501144206509154
2021-09-27 00:00:00,2.082380195359768,1.916017804161458,1.8030767971798132
2021-09-28 00:00:00,2.081475783195909,1.9165395663013207,1.798957025212491
2021-09-29 00:00:00,2.116797665872328,1.9519434547257766,1.8302743241278718
2021-09-30 00:00:00,2.1376962736035936,1.9763223724893457,1.853161022210207
2021-10-01 00:00:00,2.147250693088636,1.985798258299552,1.8622359805970312
2021-10-04 00:00:00,2.1650062274474204,2.0005808799905798,1.8823014858417215
2021-10-05 00:00:00,2.185451470858018,2.02091324146277,1.9012063988449
2021-10-06 00:00:00,2.156249945122757,1.991172360727473,1.8718507278221637
2021-10-07 00:00:00,2.1672614327575173,2.003311772823818,1.880231399405015
2021-10-08 00:00:00,2.1672614327575173,2.003311772823818,1.880231399405015
2021-10-11 00:00:00,2.1672614327575173,2.003311772823818,1.880231399405015
2021-10-12 00:00:00,2.2041200050291114,2.0355454647159053,1.917500635460145
2021-10-13 00:00:00,2.222733281897385,2.052379577758888,1.9345261599183394
2021-10-14 00:00:00,2.3043555183550484,2.118385976518685,2.0159290852487723
2021-10-15 00:00:00,2.3675861186295726,2.1755034844462235,2.0756091057075565
2021-10-18 00:00:00,2.408533043282205,2.205315382702284,2.1137603197475294
2021-10-19 00:00:00,2.469194841694813,2.2658014297042524,2.171129509890408
2021-10-20 00:00:00,2.579277613738307,2.3765161387470375,2.2772339496974587
2021-10-21 00:00:00,2.588160348980923,2.3824479922619504,2.2894650253642066
2021-10-22 00:00:00,2.602271056703148,2.4030727888367363,2.3016329865441176
2021-10-25 00:00:00,2.6931372095812303,2.4942963268167735,2.3870758861684447
2021-10-26 00:00:00,2.682677823060174,2.484467474718865,2.374356019084426
2021-10-27 00:00:00,2.5429647546279743,2.347732916865846,2.2406668766241378
2021-10-28 00:00:00,2.574162745334733,2.3714587989816285,2.2688682870927996
2021-10-29 00:00:00,2.4651119575531015,2.2661767931641563,2.16709273139901
2021-11-01 00:00:00,2.621776127078124,2.4120413122637876,2.312313728318951
2021-11-02 00:00:00,2.6856295196919686,2.465366139596247,2.372088279208998
2021-11-03 00:00:00,2.781689837541629,2.5608740158499965,2.4602191456277147
2021-11-04 00:00:00,2.757435060039553,2.5344028426786496,2.433476970644388
2021-11-05 00:00:00,2.814305485881587,2.5781293699922023,2.4825504049034177
2021-11-08 00:00:00,2.946754303812739,2.7009251356585056,2.6041802191556127
2021-11-09 00:00:00,2.883245372636486,2.642831065118096,2.5462417715688646
2021-11-10 00:00:00,2.8999631391173284,2.6534268530433556,2.564828923355615
2021-11-11 00:00:00,2.929999898732292,2.674057860862276,2.5904040349088455
2021-11-12 00:00:00,2.8985264280265834,2.6511578726349447,2.5619183116291535
2021-11-15 00:00:00,2.82143641876623,2.5713228482147237,2.4982863602493124
2021-11-16 00:00:00,2.709893517487832,2.44522919258862,2.394574462433921
2021-11-17 00:00:00,2.6411809429686453,2.3829938063427685,2.3234529943331483
2021-11-18 00:00:00,2.6941433563167005,2.4454561873604157,2.3703965029535414
2021-11-19 00:00:00,2.5495407545829547,2.307595050574991,2.2339683555434737
2021-11-22 00:00:00,2.5495407545829547,2.307595050574991,2.2339683555434737
2021-11-23 00:00:00,2.472491644154741,2.2420492309033717,2.1598267912369598
2021-11-24 00:00:00,2.477987384020862,2.246863978909992,2.167527894392284
2021-11-25 00:00:00,2.545740789689355,2.3058648834852207,2.227535595001671
2021-11-26 00:00:00,2.3503958081215055,2.118182741255974,2.0453569938126366
2021-11-29 00:00:00,2.3046759364717047,2.082318909754554,2.008338507766633
2021-11-30 00:00:00,2.3147332551754225,2.101873727442497,2.01684316802925
2021-12-01 00:00:00,2.5281026290591813,2.311193790276094,2.2064923449024985
2021-12-02 00:00:00,2.6104100085804642,2.3981622018129154,2.280436609188366
2021-12-03 00:00:00,2.5801450719290107,2.3657063752250496,2.2526916331423936
2021-12-06 00:00:00,2.6645466670046183,2.448253660414852,2.3268224745441066
2021-12-07 00:00:00,2.697955304561597,2.473523547178991,2.3544467544991687
2021-12-08 00:00:00,2.697955304561597,2.473523547178991,2.3544467544991687
2021-12-09 00:00:00,2.5954822495669303,2.3691150494989612,2.2648088360680543
2021-12-10 00:00:00,2.554093370660565,2.3284127885193886,2.2313599822198418
2021-12-13 00:00:00,2.414607750515099,2.1895172240644363,2.106416185257194
2021-12-14 00:00:00,2.4086280520840297,2.190373117490056,2.105197024881235
2021-12-15 00:00:00,2.349020946021925,2.1363163569560557,2.049767199578728
2021-12-16 00:00:00,2.427353804541292,2.2156247670290927,2.118381034899806
2021-12-17 00:00:00,2.4494753749272427,2.2282128865897475,2.137742255299429
2021-12-20 00:00:00,2.3976475090643974,2.182279016585948,2.0908259125913795
2021-12-21 00:00:00,2.47396317086673,2.2525668944713675,2.1516885962264984
2021-12-22 00:00:00,2.4553240454990326,2.226430312033666,2.135319976582779
2021-12-23 00:00:00,2.5023887717119133,2.2651926172491406,2.1774508382793663
2021-12-27 00:00:00,2.4857752172944783,2.2567614536599048,2.1662528393814924
2021-12-28 00:00:00,2.4243090495213866,2.1901811690689548,2.1094979327569114
2021-12-29 00:00:00,2.4731775341659614,2.239200617662381,2.1552925753201118
2021-12-30 00:00:00,2.475029167089039,2.2423546304319526,2.158621546689845
2021-12-31 00:00:00,2.475029167089039,2.2423546304319526,2.158621546689845
2022-01-03 00:00:00,2.542890515138314,2.314855194915185,2.2245813054952572
2022-01-04 00:00:00,2.5363709668372207,2.3089591721656597,2.2217332373118084
2022-01-05 00:00:00,2.4762451530480614,2.2453222036123934,2.163859879965342
2022-01-06 00:00:00,2.4761776439271626,2.246770011767058,2.164837408871329
2022-01-07 00:00:00,2.480843473138296,2.2508802122104257,2.1703940412987723
2022-01-10 00:00:00,2.472934360473343,2.2336966550931567,2.159159896814177
2022-01-11 00:00:00,2.510376206768844,2.2704614038183983,2.1924099575855127
2022-01-12 00:00:00,2.5254297105665837,2.2835099415807663,2.2055503668059493
2022-01-13 00:00:00,2.5351790718698806,2.2999339565502495,2.2170868129280628
2022-01-14 00:00:00,2.527687139219942,2.2945371401612724,2.2122741768778216
2022-01-17 00:00:00,2.5175207983051195,2.279170289834572,2.1977753087235157
2022-01-18 00:00:00,2.4514915302621616,2.2170293204119798,2.1407923413035883
2022-01-19 00:00:00,2.465393881105201,2.229344201643421,2.1563158330248227
2022-01-20 00:00:00,2.5296485366927035,2.288642366815461,2.2211806523488016
2022-01-21 00:00:00,2.4682329421209803,2.2302454193375323,2.160785664203636
2022-01-24 00:00:00,2.3579107367383565,2.1223203513682636,2.055761538962562
2022-01-25 00:00:00,2.514003757194336,2.2755407707610806,2.1985185756578733
2022-01-26 00:00:00,2.535085303383968,2.293063373009707,2.2189226213239706
2022-01-27 00:00:00,2.5464805173926583,2.3035827505317013,2.2258218456931402
2022-01-28 00:00:00,2.633109070788998,2.396286864178686,2.31227322054968
2022-01-31 00:00:00,2.7799416860145474,2.542752938202965,2.440943022288882
2022-02-01 00:00:00,2.8080005263037493,2.5756948643668536,2.468511643250798
2022-02-02 00:00:00,2.7522782708590943,2.520838648871088,2.4151345250032867
2022-02-03 00:00:00,2.7149550559775917,2.480606355633391,2.3781960670030013
2022-02-04 00:00:00,2.7145194600263842,2.4739968795594818,2.3743023219991546
2022-02-07 00:00:00,2.7706415977493477,2.528315743582323,2.428763652409853
2022-02-08 00:00:00,2.723778565306037,2.4803448444538136,2.388357611377912
2022-02-09 00:00:00,2.688900141192962,2.443444891599714,2.3534279284357966
2022-02-10 00:00:00,2.70508965368471,2.454843031981842,2.3694102932422783
2022-02-11 00:00:00,2.7467055712337203,2.4989223201012223,2.407630151873012
2022-02-14 00:00:00,2.7427159933395044,2.4900319236190396,2.397209819974366
2022-02-15 00:00:00,2.7616594044272746,2.500512811435472,2.413792986835137
2022-02-16 00:00:00,2.8744874376431406,2.6197433560479384,2.5181241781202575
2022-02-17 00:00:00,2.863079101306018,2.601125041960252,2.498904086416151
2022-02-18 00:00:00,2.853004029814256,2.5961450616388357,2.499032688398753
2022-02-21 00:00:00,2.886385492196807,2.6333325724046426,2.5268277233009275
2022-02-22 00:00:00,2.897783945436958,2.6481615045003872,2.5394292994917627
2022-02-23 00:00:00,2.9543240974621687,2.7043906175689516,2.5888826751820164
2022-02-24 00:00:00,2.8429600365182313,2.5932568492592214,2.487191681272515
2022-02-25 00:00:00,2.8223832780782687,2.566766943346323,2.472382682622101
2022-02-28 00:00:00,2.8223832780782687,2.566766943346323,2.472382682622101
2022-03-01 00:00:00,2.8223832780782687,2.566766943346323,2.472382682622101
2022-03-02 00:00:00,2.894987469214572,2.6544430870565336,2.5437912805843657
2022-03-03 00:00:00,2.9726601513307083,2.7187548036898592,2.612316679582941
2022-03-04 00:00:00,2.940695603338988,2.6676200816767133,2.5799935147331223
2022-03-07 00:00:00,2.8811623827876325,2.611222931422099,2.521085645621218
2022-03-08 00:00:00,2.880465680565104,2.6222539404718774,2.518009125035242
2022-03-09 00:00:00,2.82213553036891,2.5702091598255192,2.465182443147996
2022-03-10 00:00:00,2.9343832593210637,2.675269099090476,2.572955234154171
2022-03-11 00:00:00,2.895307536385944,2.6233579569969834,2.529974775786388
2022-03-14 00:00:00,2.7071987303121934,2.4465725068042636,2.3471391429931785
2022-03-15 00:00:00,2.666129382203293,2.4062656831572826,2.31637486675281
2022-03-16 00:00:00,2.812129213875303,2.5304563956818185,2.4539297735664904
2022-03-17 00:00:00,2.88266466675717,2.595515684342565,2.5189867224643545
2022-03-18 00:00:00,2.8710708322697562,2.577950308178148,2.5095752638517297
2022-03-21 00:00:00,2.9089691925170476,2.624063424971249,2.5437742326103256
2022-03-22 00:00:00,2.912851019722336,2.6279461405909985,2.5599249935902453
2022-03-23 00:00:00,2.9089174294655256,2.6316792479487994,2.5591094645552404
2022-03-24 00:00:00,2.9089174294655256,2.6316792479487994,2.5591094645552404
2022-03-25 00:00:00,3.062391778634823,2.770584278806159,2.7060772508555386
2022-03-28 00:00:00,3.0109491426325246,2.7235710501943005,2.6532063756513313
2022-03-29 00:00:00,2.930532231365062,2.650549299407096,2.574047774309282
2022-03-30 00:00:00,2.970111857823782,2.6908464213383008,2.6170121247243694
2022-03-31 00:00:00,2.973560347044591,2.69098918100851,2.6242683924128176
2022-04-01 00:00:00,3.02887477262931,2.7495071607153956,2.679952084880948
2022-04-04 00:00:00,3.064729186286309,2.7854540755545,2.7090597060036474
2022-04-05 00:00:00,3.0112701280574443,2.732657483786684,2.6525412965546553
2022-04-06 00:00:00,2.9826971139118488,2.700990298923253,2.6296763651292605
2022-04-07 00:00:00,3.0178038950174777,2.729610466738997,2.656244437354378
2022-04-08 00:00:00,3.0500779491901087,2.7581193770385855,2.693452366567114
2022-04-11 00:00:00,2.9966138348537052,2.7015541678788844,2.638966425079924
2022-04-12 00:00:00,2.976389109938875,2.6872130140478108,2.618838293195336
2022-04-13 00:00:00,3.0211260428222726,2.717343943187421,2.663543127236607
2022-04-14 00:00:00,3.0211260428222726,2.717343943187421,2.663543127236607
2022-04-18 00:00:00,3.031358841086287,2.72130299842421,2.671534706662486
2022-04-19 00:00:00,3.057321040437209,2.7455881338425696,2.6938038531982014
2022-04-20 00:00:00,3.079522562071797,2.7597324184667382,2.723183661152438
2022-04-21 00:00:00,3.0347207326025254,2.7142303903531255,2.672908139245529
2022-04-22 00:00:00,3.02806065443957,2.716420878653852,2.6724962651597366
2022-04-25 00:00:00,3.0087285127216017,2.693083946509461,2.6458732298940184
2022-04-26 00:00:00,2.9555905810217267,2.629179190391155,2.590454874475301
2022-04-27 00:00:00,2.9777935773662962,2.650035676282693,2.61090664311603
2022-04-28 00:00:00,2.9915260805985646,2.6598567388109338,2.622276405812571
2022-04-29 00:00:00,2.894652945154326,2.5697080032704256,2.5307309860015272
2022-05-02 00:00:00,2.8641631607862448,2.54124664096952,2.4992067455282307
2022-05-03 00:00:00,2.9549875528483818,2.62598597922136,2.5827349695052266
2022-05-04 00:00:00,2.936655692645469,2.6149129458095914,2.565136991204868
2022-05-05 00:00:00,2.788246437406617,2.4775488681617985,2.4292647856201235
2022-05-06 00:00:00,2.779875223363075,2.478720634480772,2.423033632279245
2022-05-09 00:00:00,2.5788512395854886,2.294556452468221,2.238435474588156
2022-05-10 00:00:00,2.6373088299899665,2.352835748969049,2.291428490228341
2022-05-11 00:00:00,2.7284880192677163,2.439152940102073,2.373405577348467
2022-05-12 00:00:00,2.7168968048438797,2.427184580021348,2.364468696414826
2022-05-13 00:00:00,2.8381640352687945,2.545065973068959,2.4799613203056903
2022-05-16 00:00:00,2.888386276282408,2.5863547241155507,2.523869636292606
2022-05-17 00:00:00,2.927100325431907,2.6206390342344728,2.558490075021264
2022-05-18 00:00:00,2.927100325431907,2.6206390342344728,2.558490075021264
2022-05-19 00:00:00,2.840201213621083,2.543752850093056,2.473667372523431
2022-05-20 00:00:00,2.8152583014795733,2.5222597486061678,2.4456641976375963
2022-05-23 00:00:00,2.9182499021491344,2.6143287805894855,2.53840768773835
2022-05-24 00:00:00,2.955492780338419,2.6533239347628297,2.5776975019713033
2022-05-25 00:00:00,2.955492780338419,2.6533239347628297,2.5776975019713033
2022-05-26 00:00:00,3.0755051569251703,2.7690436444040905,2.690178622205963
2022-05-27 00:00:00,3.0865626066453533,2.7758736722353237,2.70224934301262
2022-05-30 00:00:00,3.0753907511459735,2.7652853984283237,2.6889336779588517
2022-05-31 00:00:00,3.0260801073115813,2.7131726555832496,2.6433458680011666
2022-06-01 00:00:00,3.005773769455545,2.693945380892975,2.6177389794271613
2022-06-02 00:00:00,3.0186722592140898,2.6974836930405113,2.624529834296279
2022-06-03 00:00:00,3.01751432692683,2.7029155181299815,2.624072124440682
2022-06-06 00:00:00,2.9572601370087845,2.6404475957798246,2.5638906106358474
2022-06-07 00:00:00,2.9851695689681006,2.6606237324967674,2.586593498440288
2022-06-08 00:00:00,2.9439795873897436,2.619524143591827,2.542597968410997
2022-06-09 00:00:00,2.8962479695769674,2.575525783081572,2.4999229318609197
2022-06-10 00:00:00,2.9069796846623563,2.5875806454846484,2.5107085968179463
2022-06-13 00:00:00,2.843385431445836,2.5279424817316922,2.45477687336427
2022-06-14 00:00:00,2.822836083646194,2.5100962394392763,2.4391524866405443
2022-06-15 00:00:00,2.8745944315250584,2.549017464875413,2.4874897228640034
2022-06-16 00:00:00,2.7940189598180476,2.472817858925625,2.4168851724387532
2022-06-17 00:00:00,2.7940189598180476,2.472817858925625,2.4168851724387532
2022-06-21 00:00:00,2.7847136130179337,2.4613002618956927,2.401532243976946
2022-06-22 00:00:00,2.7337635791211983,2.411218328807464,2.359045443271078
2022-06-23 00:00:00,2.6279380591918478,2.3074627614182757,2.2586781482130247
2022-06-24 00:00:00,2.5999379551282105,2.279598852626633,2.234433926692667
2022-06-27 00:00:00,2.716704121297023,2.3945654052384993,2.3489590263794167
2022-06-28 00:00:00,2.841432503087452,2.5083134502154274,2.4580481688806173
2022-06-29 00:00:00,2.831804347349231,2.5031644033285083,2.4502292644722186
2022-06-30 00:00:00,2.8564411356429704,2.515445462040857,2.4644194367000307
2022-07-01 00:00:00,2.917946874064016,2.5750339399267848,2.520577701789035
2022-07-04 00:00:00,2.8588682591686427,2.5198781019984406,2.4592215715442762
2022-07-05 00:00:00,3.011736304756634,2.6526605968731176,2.598444784385754
2022-07-06 00:00:00,3.1176727461976856,2.739117207142756,2.6801067243439705
2022-07-07 00:00:00,3.4041553895576184,3.000247551678372,2.944508609913297
2022-07-08 00:00:00,3.5365812611525556,3.1316451090342685,3.062302105665248
2022-07-11 00:00:00,3.4913585048276445,3.0836892833555574,3.0107640416512336
2022-07-12 00:00:00,3.4583819878458364,3.0492603512350263,2.977924545186573
2022-07-13 00:00:00,3.41852903943888,3.016246162265417,2.9410096713744793
2022-07-14 00:00:00,3.3296586971237296,2.9389937385697604,2.856566656431655
2022-07-15 00:00:00,3.4791695706517967,3.076166554591059,2.9901952979697444
2022-07-18 00:00:00,3.558882707410871,3.1518440494461064,3.0620077833262203
2022-07-19 00:00:00,3.649193409910506,3.2384998375385896,3.1445201394247055
2022-07-20 00:00:00,3.666119295481722,3.252041494189389,3.1433295366969434
2022-07-21 00:00:00,3.8741459583056574,3.4448437435134114,3.3316883143780727
2022-07-22 00:00:00,3.958445085687658,3.5202782545344835,3.400142729446884
2022-07-25 00:00:00,4.180291819661098,3.7302871509747293,3.6122852497436773
2022-07-26 00:00:00,4.2000953914391115,3.7470213768779237,3.6433314284680876
2022-07-27 00:00:00,4.467099452460266,3.9880186573991763,3.8780686325318126
2022-07-28 00:00:00,4.547911683012449,4.068622789305376,3.9352477281511087
2022-07-29 00:00:00,4.332818328426538,3.887366040648608,3.7387421342868468
2022-08-01 00:00:00,4.13102138795767,3.704916807786006,3.560429794854656
2022-08-02 00:00:00,4.201042910482492,3.780126693934312,3.628301593450134
2022-08-03 00:00:00,4.271501842375514,3.8497732542780145,3.6946226718575828
2022-08-04 00:00:00,4.294452903959802,3.872707581140988,3.7099988568457256
2022-08-05 00:00:00,4.32256087564341,3.90228914896304,3.737393100421243
2022-08-08 00:00:00,4.450600346234474,4.03240676892997,3.8520643834335333
2022-08-09 00:00:00,4.358022527147367,3.9472006755833107,3.7611237301695413
2022-08-10 00:00:00,4.382585004523167,3.961759442834807,3.770128745592009
2022-08-11 00:00:00,4.4283649943736085,4.014190562456754,3.8139727644897334
2022-08-12 00:00:00,4.546222213637568,4.11937977839521,3.915150555787677
2022-08-15 00:00:00,4.546222213637568,4.11937977839521,3.915150555787677
2022-08-16 00:00:00,4.461787741599624,4.063421909285012,3.847571153369744
2022-08-17 00:00:00,4.508008914885165,4.110312539237586,3.88782871341356
2022-08-18 00:00:00,4.740711571824107,4.333441793003434,4.098547849217687
2022-08-19 00:00:00,4.731285156965468,4.318282578447771,4.0802453401529375
2022-08-22 00:00:00,4.739719129382411,4.3301105145098076,4.0859057924468996
2022-08-23 00:00:00,4.940586034097042,4.532789338414827,4.269438886652876
2022-08-24 00:00:00,5.096063179806721,4.677945919816987,4.414946133033979
2022-08-25 00:00:00,5.211824573706427,4.780453862134835,4.528335949406608
2022-08-26 00:00:00,5.1477834672515845,4.72651507505705,4.473173947277677
2022-08-29 00:00:00,5.255194428064625,4.825344817045597,4.561709614124265
2022-08-30 00:00:00,5.131354574342753,4.714668119427618,4.457617967172936
2022-08-31 00:00:00,4.928138828551528,4.52460186058805,4.270416430746715
2022-09-01 00:00:00,4.901380492296581,4.512505668857067,4.239971472288815
2022-09-02 00:00:00,4.901380492296581,4.512505668857067,4.239971472288815
2022-09-05 00:00:00,5.00719698898859,4.612477550612925,4.343787050748574
2022-09-06 00:00:00,4.930006940648143,4.556809284403971,4.270867528692622
2022-09-07 00:00:00,5.080041918662371,4.722184541843997,4.41141841543647
2022-09-08 00:00:00,5.0548518883949685,4.710480366580703,4.385140285404799
2022-09-09 00:00:00,5.171391086277187,4.824303189284104,4.507838725140793
2022-09-12 00:00:00,5.196619017953532,4.843199732444793,4.527641251034916
2022-09-13 00:00:00,5.089141096262943,4.758114785927036,4.423321080666781
2022-09-14 00:00:00,5.23931427004984,4.898328397576021,4.564810258285247
2022-09-15 00:00:00,5.1802099217467745,4.837769016730808,4.509216925190984
2022-09-16 00:00:00,5.204644712741486,4.883577079924908,4.521157182933883
2022-09-19 00:00:00,5.371763391316425,5.043780546131204,4.693225352340075
2022-09-20 00:00:00,5.264320657273082,4.946235472123589,4.58936216719343
2022-09-21 00:00:00,5.222441381443346,4.9028740739619305,4.5471637040221085
2022-09-22 00:00:00,5.326759822308934,4.990819201615466,4.646079276302261
2022-09-23 00:00:00,5.06928476508988,4.739806524369298,4.411691204030891
2022-09-26 00:00:00,4.868238634331167,4.563235625038426,4.21881743140353
2022-09-27 00:00:00,4.779023398002474,4.470963615318303,4.145453466073467
2022-09-28 00:00:00,4.9170202899651745,4.601142908360601,4.253410966466516
2022-09-29 00:00:00,4.929616942797518,4.604249296469085,4.263486672197219
2022-09-30 00:00:00,4.992237376778729,4.652822513457962,4.310533413881304
2022-10-03 00:00:00,5.195442487389925,4.867036580667661,4.485904995132083
2022-10-04 00:00:00,5.190827966733964,4.863610180224984,4.478725481731118
2022-10-05 00:00:00,5.238140435689569,4.922686522141165,4.512377792800135
2022-10-06 00:00:00,5.178990171896065,4.86117500319143,4.452648612477184
2022-10-07 00:00:00,5.178990171896065,4.86117500319143,4.452648612477184
2022-10-10 00:00:00,5.178990171896065,4.86117500319143,4.452648612477184
2022-10-11 00:00:00,4.865787779828681,4.552135859021293,4.174349174719648
2022-10-12 00:00:00,4.855134044401391,4.526788261543687,4.1562578205122644
2022-10-13 00:00:00,5.021859918001203,4.694597133856689,4.304718272450541
2022-10-14 00:00:00,4.871339826047541,4.557278724264025,4.174961257980288
2022-10-17 00:00:00,4.916206891247135,4.604309073862151,4.222719079761979
2022-10-18 00:00:00,4.8622342099570774,4.549660243804718,4.164445870989749
2022-10-19 00:00:00,4.792837833105338,4.490146571442437,4.098497085508936
2022-10-20 00:00:00,4.762709687888976,4.46386892095987,4.067554435591881
2022-10-21 00:00:00,4.8774312776941136,4.570011581600645,4.17171464793223
2022-10-24 00:00:00,4.901764878385004,4.61107128363902,4.197329252918987
2022-10-25 00:00:00,5.087628638615228,4.812897927020462,4.378428081203171
2022-10-26 00:00:00,5.144302837495264,4.862471617388366,4.428485451484541
2022-10-27 00:00:00,5.267405054999527,4.995436978697675,4.5417263635765925
2022-10-28 00:00:00,5.277196299674514,4.994501643982288,4.552255437784932
2022-10-31 00:00:00,5.381649036164052,5.0812519377633585,4.6410714113580145
2022-11-01 00:00:00,5.484493483713956,5.198484860006228,4.73113889867049
2022-11-02 00:00:00,5.346485254179583,5.062586872281911,4.607740940435272
2022-11-03 00:00:00,5.37761142545181,5.089771806575408,4.6340185010812505
2022-11-04 00:00:00,5.44247582952213,5.143893858270673,4.692907303667537
2022-11-07 00:00:00,5.286398279861213,4.9799830085750765,4.552949981499487
2022-11-08 00:00:00,5.2909622479755765,4.983959958569845,4.571712587406761
2022-11-09 00:00:00,5.088871529868384,4.795653210626855,4.397003344916934
2022-11-10 00:00:00,5.158190567140426,4.860640774782053,4.45912878297585
2022-11-11 00:00:00,5.367958674189278,5.070914635276727,4.631969688360652
2022-11-14 00:00:00,5.47234406504924,5.184972461313611,4.725261154908752
2022-11-15 00:00:00,5.569153799973001,5.303014526259412,4.818088958316556
2022-11-16 00:00:00,5.578589794713752,5.302106119897287,4.829785709071449
2022-11-17 00:00:00,5.639222978233613,5.353218829630587,4.876409479123061
2022-11-18 00:00:00,5.7351459248895065,5.439235860403437,4.9680155205987075
2022-11-21 00:00:00,5.7351459248895065,5.439235860403437,4.9680155205987075
2022-11-22 00:00:00,5.7995165054789215,5.4853393321876105,5.017872586096475
2022-11-23 00:00:00,5.818567198054954,5.499609400388527,5.05146341082505
2022-11-24 00:00:00,5.923397720442393,5.588737374414576,5.141917283493296
2022-11-25 00:00:00,6.020609475430156,5.7026551991885714,5.237871269328316
2022-11-28 00:00:00,6.040668595268396,5.737010905278357,5.260862625262894
2022-11-29 00:00:00,6.211548811746074,5.906885693759955,5.4094898683696035
2022-11-30 00:00:00,6.251200547776517,5.942221086804085,5.447550157165684
2022-12-01 00:00:00,6.202985006416567,5.892589879331577,5.404650570794119
2022-12-02 00:00:00,6.345311524021082,6.0345554820799885,5.531423084669559
2022-12-05 00:00:00,6.1566920053014895,5.829157986415092,5.363664152170791
2022-12-06 00:00:00,6.21235597462532,5.8821145388863885,5.412985294888332
2022-12-07 00:00:00,6.463996405430538,6.128318474369918,5.6367961393640345
2022-12-08 00:00:00,6.463996405430538,6.128318474369918,5.6367961393640345
2022-12-09 00:00:00,6.463996405430538,6.128318474369918,5.6367961393640345
2022-12-12 00:00:00,6.312735024554911,5.975761600263163,5.502177194029422
2022-12-13 00:00:00,6.287553637903292,5.955838069950829,5.479694518334756
2022-12-14 00:00:00,6.2476480960324965,5.906164087591844,5.444179585756756
2022-12-15 00:00:00,6.2667420635428295,5.925223657564813,5.461166933715187
2022-12-16 00:00:00,6.2947028646258945,5.944176637659985,5.486066544964243
2022-12-19 00:00:00,6.431060114538426,6.1001915258192865,5.607436485000118
2022-12-20 00:00:00,6.550800045952531,6.232878060800806,5.714031757537378
2022-12-21 00:00:00,6.855193955225958,6.54347612575114,5.984400911727559
2022-12-22 00:00:00,6.938239902655917,6.647230945085265,6.0585130160460405
2022-12-23 00:00:00,7.15780463981271,6.858591836112308,6.253898992900902
2022-12-26 00:00:00,7.3536897493622515,7.037674895350836,6.428199863429213
2022-12-27 00:00:00,7.528668399770423,7.159337596501315,6.584001377911199
2022-12-28 00:00:00,7.77930284813692,7.412592216909644,6.806707989231239
2022-12-29 00:00:00,7.7985118372399995,7.43453872121159,6.823780849279119
2022-12-30 00:00:00,7.791787287110035,7.435471281427757,6.818258379234863
2023-01-02 00:00:00,8.02384764346696,7.685390765863218,7.024622314840514
2023-01-03 00:00:00,7.6790588775170345,7.366625469919754,6.718012569811053
2023-01-04 00:00:00,7.813185055063043,7.501969885095859,6.83728673753475
2023-01-05 00:00:00,8.131422629337955,7.840717557530196,7.120285347534113
2023-01-06 00:00:00,8.251063630903893,7.9445814668557375,7.2266783063770035
2023-01-09 00:00:00,8.32395250496784,8.026353405009925,7.291496076847741
2023-01-10 00:00:00,8.311694857688439,8.042582627317472,7.280595738791064
2023-01-11 00:00:00,8.605171537129895,8.337042204352297,7.541575268120351
2023-01-12 00:00:00,8.95996579754659,8.685773972944263,7.857082582938368
2023-01-13 00:00:00,9.264859575422907,8.988776120443557,8.128214976820665
2023-01-16 00:00:00,9.61433663801373,9.302844118714882,8.43899387577754
2023-01-17 00:00:00,9.934122264897907,9.63790720247274,8.72336912000253
2023-01-18 00:00:00,8.90114740018102,8.644431431370101,7.804777242392797
2023-01-19 00:00:00,8.368563988090639,8.107484347231773,7.331167657874989
2023-01-20 00:00:00,9.284171562489961,9.082332536847918,8.145388516145035
2023-01-23 00:00:00,9.461430568439345,9.227200392341791,8.303019344018962
2023-01-24 00:00:00,9.419039344908752,9.190604327456045,8.265322169627584
2023-01-25 00:00:00,9.873637842397414,9.629046345451421,8.669582235995343
2023-01-26 00:00:00,9.967046048483331,9.729689594413125,8.752647199474522
2023-01-27 00:00:00,9.722452039277613,9.491439848565241,8.53513748278848
2023-01-30 00:00:00,9.37294356388369,9.143933063622057,8.224330649419294
2023-01-31 00:00:00,9.615947641754797,9.417953351266787,8.440426490453744
2023-02-01 00:00:00,9.569555176232944,9.357328455623914,8.39933894887205
2023-02-02 00:00:00,9.44075677940663,9.220240164582696,8.285321601293148
2023-02-03 00:00:00,9.15477363967456,8.951764015284247,8.031218728090417
2023-02-06 00:00:00,9.139938717358602,8.958233067852944,8.018585804176347
2023-02-07 00:00:00,9.293857642924193,9.11797074977947,8.15567052570206
2023-02-08 00:00:00,9.466131511135936,9.300048971449668,8.30900028703805
2023-02-09 00:00:00,9.383205954615601,9.222520402613103,8.236268950657555
2023-02-10 00:00:00,9.471916541244058,9.308851954451965,8.314182675907267
2023-02-13 00:00:00,9.73979658507219,9.569364850477433,8.551350078815863
2023-02-14 00:00:00,9.789636945752411,9.625317102102962,8.595496004961335
2023-02-15 00:00:00,9.663921052920191,9.518653176153348,8.483504505988439
2023-02-16 00:00:00,9.76720205772459,9.610216275159523,8.575110814028658
2023-02-17 00:00:00,9.449936988142825,9.277609160999825,8.292832237547334
2023-02-21 00:00:00,9.449936988142825,9.277609160999825,8.292832237547334
2023-02-22 00:00:00,9.28784361794206,9.116092992325035,8.148885584194263
2023-02-23 00:00:00,9.400891334307586,9.205847345612066,8.248561501970352
2023-02-24 00:00:00,9.38889948107353,9.204754591919487,8.238287706429787
2023-02-27 00:00:00,9.465179449028756,9.27979891256013,8.305786381604593
2023-02-28 00:00:00,9.380806157159723,9.176675866491099,8.230687461581207
2023-03-01 00:00:00,9.453497543536976,9.243329974709715,8.270446232310242
2023-03-02 00:00:00,9.218916416839317,8.999839811931437,8.030474987462094
2023-03-03 00:00:00,9.298373726350981,9.08739563733504,8.10293026229524
2023-03-06 00:00:00,9.540071578161632,9.347937474384521,8.303384587434872
2023-03-07 00:00:00,9.320706005940524,9.10353346826317,8.119313069668735
2023-03-08 00:00:00,9.441082067079169,9.22802395065833,8.225808800621948
2023-03-09 00:00:00,9.310878704217533,9.096862304509559,8.08917443126124
2023-03-10 00:00:00,8.918190358616046,8.686045079984183,7.746989483531943
2023-03-13 00:00:00,8.483814851760064,8.234367738587693,7.350507443816133
2023-03-14 00:00:00,8.28946173272332,8.03412756353405,7.1617272141552775
2023-03-15 00:00:00,7.825511866524263,7.561078966878167,6.742337930618897
2023-03-16 00:00:00,8.381904185701835,8.10915287280873,7.240639410054412
2023-03-17 00:00:00,8.408752626265644,8.126602664877044,7.266655917175969
2023-03-20 00:00:00,8.40122448367063,8.122566216029062,7.261909825672619
2023-03-21 00:00:00,8.668272959551084,8.438669691419388,7.495911047787663
2023-03-22 00:00:00,8.521130065107734,8.298148715657748,7.3662682251187
2023-03-23 00:00:00,8.306459813379986,8.089655468670573,7.170041157685612
2023-03-24 00:00:00,8.306459813379986,8.089655468670573,7.170041157685612
2023-03-27 00:00:00,8.833986916647211,8.613427331796222,7.635625739530534
2023-03-28 00:00:00,9.169508049012784,8.962158178861863,7.949628912414724
2023-03-29 00:00:00,9.427318680858939,9.225962490118965,8.181822763888928
2023-03-30 00:00:00,9.548362139638659,9.352129237022522,8.262191315576354
2023-03-31 00:00:00,9.31969167530728,9.10160964974868,8.053868829275489
2023-04-03 00:00:00,9.644966707317824,9.460314987831557,8.349125520969583
2023-04-04 00:00:00,9.541531635720201,9.34539491302698,8.252262400533947
2023-04-05 00:00:00,9.554560194750083,9.38292373383137,8.280983609004574
2023-04-06 00:00:00,9.554560194750083,9.38292373383137,8.280983609004574
2023-04-10 00:00:00,9.711777854653757,9.568560306477499,8.430447915606395
2023-04-11 00:00:00,9.876272513272486,9.735522002222165,8.586100313291174
2023-04-12 00:00:00,10.138061503042453,9.979463651451718,8.815311331555861
2023-04-13 00:00:00,10.315095068121588,10.152398050264384,8.96351709430714
2023-04-14 00:00:00,10.534466376008645,10.382424224040765,9.18014029511714
2023-04-17 00:00:00,10.756435117917801,10.614091176722761,9.386055696464222
2023-04-18 00:00:00,10.875123196253593,10.729667461722428,9.467903253872924
2023-04-19 00:00:00,10.478996418066393,10.33414959348748,9.097984537777474
2023-04-20 00:00:00,10.722655648150335,10.579567890038987,9.32242065516493
2023-04-21 00:00:00,11.097159815876074,10.934202178777864,9.65667291967544
2023-04-24 00:00:00,11.502374367712642,11.357561254416433,10.013341191454067
2023-04-25 00:00:00,11.62838756264689,11.474621548791363,10.122424066450172
2023-04-26 00:00:00,11.754710341056507,11.563125048973736,10.251010463307898
2023-04-27 00:00:00,11.425629289396023,11.243896447564078,9.957441035033954
2023-04-28 00:00:00,11.49489532466071,11.333591913377475,10.035851734057854
2023-05-01 00:00:00,11.49489532466071,11.333591913377475,10.035851734057854
2023-05-02 00:00:00,11.289275110582802,11.136838749344726,9.84764033891047
2023-05-03 00:00:00,11.02426961412336,10.838627082689,9.600317659160222
2023-05-04 00:00:00,10.717188899235511,10.544533520936863,9.32473233272522
2023-05-05 00:00:00,11.215296885206575,11.050241888796327,9.763821667763048
2023-05-08 00:00:00,11.512192949458054,11.363856769663906,10.054745692643143
2023-05-09 00:00:00,11.65315204982511,11.527572034719098,10.178067500878214
2023-05-10 00:00:00,11.758163548720336,11.613302334341954,10.288948405403689
2023-05-11 00:00:00,11.860723639522327,11.738619471520801,10.36895887444128
2023-05-12 00:00:00,12.218842645540533,12.068616284164406,10.671962114906778
2023-05-15 00:00:00,12.219266803665052,12.056723331072499,10.679635483441212
2023-05-16 00:00:00,12.212433140414179,12.017662914505507,10.661805829743736
2023-05-17 00:00:00,12.631598091569348,12.435219861118336,11.039117963883122
2023-05-18 00:00:00,12.775267483313232,12.573343152438397,11.167186409069057
2023-05-19 00:00:00,13.119866439273213,12.897050868043793,11.49361234784343
2023-05-22 00:00:00,13.145834479524606,12.913722263125576,11.510914471592038
2023-05-23 00:00:00,13.191133573027772,12.959162870985583,11.531728771117221
2023-05-24 00:00:00,13.19197004741211,12.981181928535117,11.522501765057642
2023-05-25 00:00:00,13.19197004741211,12.981181928535117,11.522501765057642
2023-05-26 00:00:00,13.19197004741211,12.981181928535117,11.522501765057642
2023-05-29 00:00:00,13.40577241553626,13.186540525367377,11.71789310360442
2023-05-30 00:00:00,13.255943127877478,13.060036958942195,11.599851302887355
2023-05-31 00:00:00,13.22565321359849,13.03480303923512,11.551093044916032
